dataset,NPE_rank,MCMC_rank
1,0.78755,0.03525
2,0.26635,0.00245
3,0.63645,0.9998
4,0.246,0.30975
5,0.2797,0.36975
6,0.21435,0.14
7,0.3668,0.7064
8,0.39385,0.67385
9,0.20185,0.0
10,0.35495,0.05885
11,0.475,0.0
12,0.33245,0.99805
13,0.3384,0.0
14,0.1936,0.3517
15,0.4761,5.0e-5
16,0.0567,0.0
17,0.4885,0.44615
18,0.8141,0.9498
19,0.71415,0.0
20,0.78265,0.0001
21,0.2589,0.07015
22,0.5606,0.0135
23,0.59125,0.3208
24,0.5941,0.90265
25,0.03785,0.0
26,0.41535,0.0
27,0.1377,0.0
28,0.33055,0.0
29,0.0115,0.0
30,0.208,0.3404
31,0.70395,0.5635
32,0.0166,0.0
33,0.54745,0.0
34,0.74315,1.0
35,0.20495,0.3102
36,0.993,1.0
37,0.16215,0.0
38,0.5481,0.0
39,0.61495,0.0432
40,0.59275,0.20945
41,0.2254,0.5339
42,0.79145,1.0
43,0.08235,0.0019
44,0.45505,0.0
45,0.5949,0.55285
46,0.35335,0.3849
47,0.50255,0.8432
48,0.36725,0.21875
49,0.40265,1.0
50,0.66925,1.0
51,0.45325,0.73685
52,0.4014,0.2291
53,0.89215,0.59075
54,0.51825,0.11405
55,0.5176,0.66305
56,0.04665,0.8325
57,0.99495,1.0
58,0.75565,0.5
59,0.71895,0.88215
60,0.3774,0.24495
61,0.99425,0.0
62,0.3656,0.6969
63,0.64815,0.45935
64,0.1717,0.25
65,0.11665,0.0
66,0.3856,0.80455
67,0.43435,0.99995
68,0.80985,0.29995
69,0.3316,0.0
70,0.58655,0.0
71,0.26215,0.0
72,0.1128,0.2018
73,0.65795,0.0113
74,0.71365,0.5
75,0.03655,0.0
76,0.70315,0.0
77,0.04185,0.0
78,0.39165,0.5
79,0.0436,0.17995
80,0.50915,0.99985
81,0.08385,0.0004
82,0.6341,0.07375
83,0.56995,0.3103
84,0.55455,1.0
85,0.3123,0.6391
86,0.1878,0.31445
87,0.2752,0.28075
88,0.62685,0.97145
89,0.86795,0.0
90,0.8732,0.05225
91,0.87965,0.5912
92,0.2088,0.0
93,0.14405,0.7578
94,0.14,0.0
95,0.87425,0.25
96,0.91535,1.0
97,0.31305,0.73015
98,0.3869,0.9967
99,0.02645,0.0
100,0.133,0.0
101,0.9217,0.0
102,0.7069,1.0
103,0.61305,0.5837
104,0.6216,0.3231
105,0.21135,0.25
106,0.4784,0.43205
107,0.73105,0.0
108,0.56745,0.5
109,0.2934,1.0
110,0.76095,0.4429
111,0.1483,0.01135
112,0.8477,0.98795
113,0.44625,0.0001
114,0.92505,0.1062
115,0.75165,0.25
116,0.22975,0.94295
117,0.1901,0.19395
118,0.6437,0.0361
119,0.26155,0.0
120,0.1564,0.0
121,0.45605,0.0
122,0.56405,1.0
123,0.18285,0.129
124,0.98415,0.0
125,0.47115,0.1543
126,0.46175,0.0
127,0.71155,5.0e-5
128,0.5241,0.8921
129,0.6371,0.4481
130,0.0626,0.0786
131,0.84545,0.8738
132,0.8122,1.0
133,0.17275,0.01165
134,0.10155,0.00435
135,0.79795,0.4882
136,0.2692,0.8424
137,0.74695,0.9442
138,0.44495,0.0
139,0.0531,0.5735
140,0.62135,0.99855
141,0.7803,0.0
142,0.7791,0.30365
143,0.1228,0.57315
144,0.17485,0.6215
145,0.64345,0.00625
146,0.498,0.00965
147,0.4814,0.0
148,0.31975,0.9649
149,0.2403,0.0
150,0.26265,0.00035
151,0.65645,0.78915
152,0.84985,0.92625
153,0.6466,0.21295
154,0.2457,0.0
155,0.2296,0.3025
156,0.01605,0.82735
157,0.9461,0.99725
158,0.54995,0.03435
159,0.44195,0.33935
160,0.8854,0.4864
161,0.31355,0.0
162,0.42605,0.4428
163,0.33585,0.8553
164,0.1368,0.0
165,0.76605,0.03735
166,0.0867,0.0
167,0.4809,0.2505
168,0.9144,0.99985
169,0.3782,0.94265
170,0.46855,0.0
171,0.18235,0.0
172,0.99235,0.3888
173,0.41965,0.40075
174,0.09105,0.0
175,0.2084,0.0924
176,0.0105,0.0
177,0.083,0.6301
178,0.3886,0.0
179,0.80545,0.9488
180,0.60785,0.25
181,0.27255,0.2526
182,0.2528,0.7729
183,0.39625,0.5
184,0.46775,0.13635
185,0.91925,1.0
186,0.4526,0.75
187,0.2493,0.92165
188,0.35735,0.68295
189,0.37695,0.99995
190,0.1833,0.3758
191,0.2829,0.30215
192,0.74745,0.25
193,0.70735,1.0
194,0.00425,0.0
195,0.40525,0.26915
196,0.70665,0.00975
197,0.3099,0.0407
198,0.66705,0.88595
199,0.5103,0.0
200,0.61615,0.7855
201,0.13905,0.18685
202,0.10155,0.0
203,0.57245,0.999
204,0.37925,0.00675
205,0.8008,0.21995
206,0.1807,0.0
207,0.121,0.5
208,0.65675,0.2808
209,0.00905,0.16015
210,0.01585,0.0
211,0.5874,0.63365
212,0.3464,0.78825
213,0.83635,0.0
214,0.2366,0.41085
215,0.44585,0.96965
216,0.4471,0.74735
217,0.5045,0.7464
218,0.42005,1.0
219,0.29525,0.01715
220,0.72715,0.34755
221,0.59755,1.0
222,0.30115,0.54445
223,0.51485,0.0008
224,0.23405,0.26655
225,0.22085,0.6608
226,0.41005,0.2506
227,0.0155,0.0
228,0.36575,0.0
229,0.47915,1.0
230,0.5816,0.02105
231,0.8773,0.94145
232,0.14365,0.55305
233,0.13515,0.0
234,0.40055,0.68435
235,0.40825,0.0
236,0.20505,0.8024
237,0.1462,0.01205
238,0.16075,0.85075
239,0.51795,0.0
240,0.4924,0.52525
241,0.603,0.1487
242,0.65955,0.0
243,0.59805,0.17785
244,0.84235,0.00465
245,0.81275,1.0
246,0.71185,0.0
247,0.09345,0.25
248,0.5313,0.0
249,0.6322,0.0314
250,0.01525,0.1228
251,0.1464,0.0
252,0.55845,0.0
253,0.1338,0.818
254,0.21035,0.8991
255,0.6788,0.0008
256,0.4419,0.4648
257,0.34925,0.3653
258,0.1018,0.81815
259,0.54195,0.34605
260,0.113,0.0
261,0.47955,0.035
262,0.3837,0.0547
263,0.5856,0.50005
264,0.1381,0.28635
265,0.0832,0.05815
266,0.68155,0.6419
267,0.78535,0.972
268,0.14435,0.0
269,0.5216,0.99965
270,0.6065,0.0
271,0.1143,0.24655
272,0.8387,1.0
273,0.88875,0.0
274,0.9146,0.0
275,0.6028,0.52585
276,0.774,0.0467
277,0.77915,0.66515
278,0.43885,0.0
279,0.3321,0.0006
280,0.46915,0.17555
281,0.15835,0.93915
282,0.08995,0.8714
283,0.0729,0.25
284,0.845,0.67115
285,0.30125,0.8514
286,0.7888,0.84855
287,0.6535,0.0
288,0.22795,0.2185
289,0.3137,0.0
290,0.0809,0.0
291,0.2642,0.0137
292,0.2605,0.0
293,0.9098,0.0
294,0.45335,0.007
295,0.12205,0.9929
296,0.34295,0.0
297,0.1471,0.0017
298,0.4519,0.0
299,0.4659,0.0
300,0.4377,0.68055
301,0.20625,0.4394
302,0.149,0.02595
303,0.7427,0.7278
304,0.99035,1.0
305,0.82005,0.0
306,0.7897,0.37205
307,0.28095,0.76435
308,0.9708,0.0
309,0.77415,0.6735
310,0.17865,0.36845
311,0.7031,0.0
312,0.0462,0.0
313,0.9535,1.0
314,0.1103,0.1026
315,0.87945,0.8581
316,0.2231,0.9226
317,0.00765,0.0
318,0.59715,0.75
319,0.64855,0.14585
320,0.80755,0.40805
321,0.19825,0.0
322,0.89855,1.0
323,0.86115,0.0
324,0.6289,0.00085
325,0.20925,0.0
326,0.0792,0.0
327,0.30415,0.21475
328,0.1905,0.0
329,0.626,0.0
330,0.5942,0.00025
331,0.3783,0.2206
332,0.24535,0.99485
333,0.3236,1.0
334,0.44895,1.0
335,0.01315,0.0
336,0.6098,0.8381
337,0.7418,0.0
338,0.66545,0.9998
339,0.5451,0.33015
340,0.8385,0.1032
341,0.505,0.30405
342,0.57095,0.0
343,0.5628,0.0
344,0.05225,0.0
345,0.5241,0.7664
346,0.20945,0.02065
347,0.31065,0.27755
348,0.04985,0.005
349,0.647,1.0
350,0.41825,0.4285
351,0.50925,0.6814
352,0.83035,0.97485
353,0.1925,0.0
354,0.34765,0.3971
355,0.3124,0.0
356,0.8558,0.17585
357,0.63805,0.25
358,0.0499,0.04265
359,0.8754,0.5586
360,0.87885,0.0
361,0.65425,0.85305
362,0.5781,0.2905
363,0.29155,1.0
364,0.47,0.2228
365,0.66995,1.0
366,0.27465,0.276
367,0.44095,0.6932
368,0.63495,0.0
369,0.4963,0.5498
370,0.49045,0.23565
371,0.6852,1.0
372,0.0481,0.0
373,0.9157,0.29955
374,0.0352,0.0
375,0.28095,0.0
376,0.4899,0.0
377,0.88635,1.0
378,0.2322,0.1951
379,0.382,0.6185
380,0.3874,0.0
381,0.84385,0.0
382,0.55265,0.4697
383,0.29365,0.0259
384,0.5459,0.0
385,0.4401,0.98255
386,0.7676,0.75
387,0.15155,0.8617
388,0.94615,0.1567
389,0.7641,0.01795
390,0.8924,0.5788
391,0.94075,0.0545
392,0.33235,0.49165
393,0.90375,0.0
394,0.0863,0.055
395,0.43735,0.9996
396,0.32665,0.67795
397,0.3335,0.0
398,0.87905,0.12875
399,0.65565,0.3131
400,0.39745,0.0
401,0.63165,0.37065
402,0.88725,0.98205
403,0.112,0.0682
404,0.5869,0.4954
405,0.37845,0.17165
406,0.2409,0.0
407,0.66085,0.0
408,0.65135,0.6996
409,0.70835,0.0
410,0.88145,1.0
411,0.1309,0.0
412,0.1425,0.01705
413,0.48165,0.25215
414,0.3617,0.623
415,0.64125,0.9829
416,0.9836,0.3122
417,0.8431,0.94675
418,0.3151,0.26845
419,0.5148,1.0
420,0.2389,0.25985
421,0.6992,0.0
422,0.27085,0.0
423,0.5499,0.9111
424,0.50745,0.07735
425,0.0626,0.0
426,0.212,0.0901
427,0.8574,1.0
428,0.93555,0.57855
429,0.8806,0.69805
430,0.53595,0.0
431,0.7431,0.9613
432,0.53005,0.55265
433,0.59995,0.4398
434,0.41675,0.0
435,0.4729,0.0
436,0.4301,0.0
437,0.23965,0.98585
438,0.39815,0.25
439,0.48245,0.00245
440,0.9989,1.0
441,0.48255,0.5
442,0.3611,0.8767
443,0.02845,0.0
444,0.5561,0.3813
445,0.35305,0.0
446,0.41245,0.0
447,0.2837,0.25
448,0.93925,0.00775
449,0.35255,0.8175
450,0.44745,0.48025
451,0.7302,1.0
452,0.79495,1.0
453,0.7027,0.0
454,0.6093,0.0
455,0.13565,0.0
456,0.2922,0.9999
457,0.17015,0.329
458,0.93585,1.0
459,0.62685,0.05785
460,0.2585,0.0
461,0.4142,0.92065
462,0.26885,0.00495
463,0.0282,0.0
464,0.8367,0.0
465,0.29695,0.70195
466,0.74835,0.01105
467,0.4042,0.95175
468,0.6839,1.0
469,0.33975,0.25
470,0.4986,0.44825
471,0.52295,0.0
472,0.5738,0.0
473,0.37295,0.96175
474,0.93415,0.9947
475,0.36405,1.0
476,0.46885,0.0
477,0.17415,0.54705
478,0.61775,0.37855
479,0.09235,0.00195
480,0.0712,0.503
481,0.12775,0.67665
482,0.2886,0.5369
483,0.4069,0.9999
484,0.57565,1.0
485,0.6273,0.2784
486,0.81545,1.0
487,0.4174,0.0
488,0.8763,0.99965
489,0.75005,0.13555
490,0.0238,0.07925
491,0.63495,0.8181
492,0.36815,0.0
493,0.6624,0.99215
494,0.5789,0.0
495,0.75185,0.46865
496,0.6633,0.31295
497,0.48065,0.7778
498,0.5252,0.04305
499,0.9622,1.0
500,0.88145,0.05365
501,0.04395,5.0e-5
502,0.14445,0.0
503,0.1022,0.24445
504,0.8139,0.11405
505,0.9871,0.84935
506,0.8933,0.0405
507,0.31535,0.9122
508,0.30015,0.0
509,0.3347,0.75
510,0.1071,0.84
511,0.71005,0.30045
512,0.3176,1.0
513,0.5329,0.6352
514,0.3875,0.5
515,0.19505,0.13815
516,0.8472,1.0
517,0.90885,0.3129
518,0.4529,0.0
519,0.02325,0.0
520,0.71785,0.3252
521,0.5107,0.5
522,0.4956,0.4428
523,0.6967,0.0
524,0.98835,1.0
525,0.55075,0.74195
526,0.0834,0.98645
527,0.7971,1.0
528,0.3763,0.27775
529,0.99,1.0
530,0.52345,0.0
531,0.84845,0.1785
532,0.0514,0.0064
533,0.6806,0.0007
534,0.2285,0.0
535,0.41665,0.9885
536,0.48505,0.7626
537,0.79735,0.32625
538,0.21565,0.0
539,0.84505,0.02175
540,0.45045,0.9769
541,0.1077,0.0
542,0.5208,0.1363
543,0.68155,0.0
544,0.24095,0.0
545,0.2507,0.25
546,0.16855,0.0
547,0.3773,0.0092
548,0.51795,0.0
549,0.9648,5.0e-5
550,0.1664,0.81875
551,0.218,0.0079
552,0.14735,0.26055
553,0.2917,0.22385
554,0.22695,0.0
555,0.3485,0.1025
556,0.73785,0.59485
557,0.75395,0.0
558,0.3122,0.0
559,0.6165,0.28975
560,0.03895,0.341
561,0.5347,0.2939
562,0.42635,0.02935
563,0.27375,0.04545
564,0.5144,0.97585
565,0.46285,0.0
566,0.9211,0.3715
567,0.86635,1.0
568,0.2117,0.0
569,0.9568,0.8931
570,0.87755,0.9997
571,0.27785,0.22055
572,0.86535,0.51255
573,0.03705,0.0
574,0.3036,0.0
575,0.7843,0.2716
576,0.19385,0.0
577,0.26045,0.99675
578,0.2492,0.66705
579,0.4421,0.30495
580,0.93945,0.8303
581,0.2887,1.0
582,0.0204,0.0
583,0.2804,0.1696
584,0.8463,1.0
585,0.01065,0.0
586,0.66765,0.0001
587,0.7379,0.2956
588,0.7396,0.25
589,0.4748,0.41735
590,0.93275,0.05535
591,0.91615,1.0
592,0.18935,0.3726
593,0.4183,0.50405
594,0.82625,0.07755
595,0.54015,0.25
596,0.87855,0.0
597,0.38875,0.0
598,0.18445,0.61525
599,0.38745,0.0
600,0.69835,0.83705
601,0.0003,0.0
602,0.42885,0.3645
603,0.2057,0.0
604,0.04645,0.13575
605,0.0173,0.1719
606,0.33085,0.0
607,0.35105,0.0
608,0.47585,0.0
609,0.1097,0.7977
610,0.9947,0.9961
611,0.47205,0.9789
612,0.8923,0.5146
613,0.53835,1.0
614,0.34365,0.0
615,0.209,0.0916
616,0.705,0.96425
617,0.60815,0.6256
618,0.8162,1.0
619,0.5639,0.25
620,0.65565,0.02135
621,0.4601,0.7404
622,0.89425,0.98785
623,0.22755,0.1437
624,0.6417,0.0261
625,0.1141,0.0017
626,0.1644,0.0
627,0.77055,0.96545
628,0.46435,0.9079
629,0.18735,0.97275
630,0.69575,1.0
631,0.18575,0.0
632,0.5545,0.0
633,0.25575,0.0
634,0.4714,0.5
635,0.88665,0.19595
636,0.29945,1.0
637,0.2688,0.041
638,0.2621,0.0
639,0.6772,0.0
640,0.0236,0.0
641,0.6671,0.4418
642,0.27345,0.0
643,0.2473,0.4657
644,0.19815,0.0
645,0.7836,0.2732
646,0.496,0.00085
647,0.1016,0.11185
648,0.49515,0.89755
649,0.81225,0.6924
650,0.3738,0.15395
651,0.0326,0.0
652,0.3,0.5
653,0.06645,0.5
654,0.99635,1.0
655,0.28185,0.0089
656,0.12885,0.94245
657,0.29795,5.0e-5
658,0.5152,0.32285
659,0.2887,0.0
660,0.4788,0.8341
661,0.61235,0.7155
662,0.71955,0.0211
663,0.56575,0.08255
664,0.89835,0.9883
665,0.35175,0.62085
666,0.0992,0.57455
667,0.60575,0.0237
668,0.2204,0.271
669,0.7566,0.8962
670,0.1327,0.97275
671,0.86415,0.86985
672,0.1546,0.2624
673,0.95475,0.0
674,0.21325,0.0
675,0.49485,0.0
676,0.08815,0.0806
677,0.17655,0.0
678,0.82045,0.25
679,0.5278,0.0005
680,0.33865,0.0003
681,0.10315,0.3345
682,0.3823,0.99995
683,0.81305,0.0
684,0.59925,0.45825
685,0.41235,0.0
686,0.2638,0.8623
687,0.0459,0.0
688,0.467,0.3301
689,0.8668,1.0
690,0.3756,0.79735
691,0.92695,1.0
692,0.6534,0.8664
693,0.99285,1.0
694,0.53585,0.3602
695,0.6832,0.75
696,0.60535,0.20635
697,0.6547,0.00065
698,0.6262,0.9856
699,0.02495,0.0
700,0.4445,0.976
701,0.7718,0.89445
702,0.5179,0.0
703,0.57805,0.90085
704,0.8999,0.5795
705,0.8764,0.00065
706,0.6109,0.0
707,0.5268,0.473
708,0.73415,0.46935
709,0.1587,0.4008
710,0.2764,1.0
711,0.6342,0.0
712,0.8542,0.0
713,0.5375,0.25
714,0.49505,0.0
715,0.54545,0.0
716,0.18735,0.25
717,0.21105,0.58605
718,0.41805,0.0748
719,0.8551,0.0
720,0.2472,1.0
721,0.12575,0.58915
722,0.6355,0.21225
723,0.5033,0.01085
724,0.2725,0.0
725,0.06,0.0
726,0.7423,0.1171
727,0.04015,0.06585
728,0.7726,0.5
729,0.8838,1.0
730,0.3592,0.0
731,0.0715,0.04045
732,0.4407,0.0004
733,0.43115,0.01
734,0.7294,0.2773
735,0.464,0.0
736,0.38195,0.0
737,0.5702,0.8341
738,0.9789,1.0
739,0.76165,0.91085
740,0.76755,0.98925
741,0.1679,0.56135
742,0.6606,0.0
743,0.5974,0.0085
744,0.7882,0.93625
745,0.34445,0.97095
746,0.5042,0.9984
747,0.35505,0.0
748,0.1433,0.7057
749,0.77375,0.6496
750,0.25825,1.0
751,0.47795,0.9994
752,0.99525,1.0
753,0.55855,0.0
754,0.78415,0.0
755,0.6902,0.8618
756,0.5184,0.0
757,0.8534,0.75125
758,0.63975,0.0
759,0.2269,0.0008
760,0.0511,0.0
761,0.0555,0.0
762,0.64565,0.026
763,0.9531,0.0
764,0.63,1.0
765,0.75915,0.0
766,0.89415,0.0
767,0.4349,0.95525
768,0.29655,0.0
769,0.075,0.11265
770,0.6084,0.0
771,0.04335,0.0
772,0.4471,0.0008
773,0.22325,0.04425
774,0.39705,0.0
775,0.10605,0.0865
776,0.1706,0.09155
777,0.13125,0.0
778,0.12835,0.5113
779,0.34325,0.0
780,0.77745,1.0
781,0.5911,0.62535
782,0.3467,0.25
783,0.12095,0.5938
784,0.22055,0.00015
785,0.1452,0.0551
786,0.2207,0.01025
787,0.65405,0.5732
788,0.22955,0.27025
789,0.2011,0.0
790,0.67215,0.74235
791,0.09535,0.0
792,0.42095,0.9995
793,0.14505,0.2511
794,0.40555,0.9595
795,0.2291,0.0
796,0.43625,0.25
797,0.57985,0.8598
798,0.00175,0.0
799,0.96005,0.5878
800,0.44,0.0
801,0.0625,0.0
802,0.3597,0.25
803,0.25285,0.25
804,0.78615,0.96695
805,0.008,0.0
806,0.85465,0.25
807,0.48815,0.9752
808,0.2452,0.0
809,0.22315,0.0076
810,0.3866,0.0
811,0.4612,0.38965
812,0.65025,0.64405
813,0.60325,0.5084
814,0.80945,0.25
815,0.3487,0.7062
816,0.7973,0.61865
817,0.46235,0.5
818,0.44685,0.84435
819,0.137,1.0
820,0.7992,0.0
821,0.023,0.0131
822,0.544,0.9061
823,0.73315,0.0
824,0.05345,0.25
825,0.6827,0.0001
826,0.1071,0.08675
827,0.66445,0.7224
828,0.1259,0.3495
829,0.5176,0.9983
830,0.33885,0.0001
831,0.94655,0.95285
832,0.126,0.04405
833,0.33265,0.01135
834,0.1579,0.9426
835,0.40845,1.0
836,0.23365,0.0
837,0.67525,0.9998
838,0.17835,0.71425
839,0.26845,0.54735
840,0.7592,1.0
841,0.5608,0.0
842,0.1187,0.0
843,0.3718,0.00055
844,0.17745,0.3694
845,0.5554,0.09785
846,0.03545,0.0
847,0.60295,0.37835
848,0.34345,0.0
849,0.21805,0.0
850,0.08005,0.25
851,0.4143,0.0
852,0.8929,1.0
853,0.82285,0.65605
854,0.7014,0.31035
855,0.8287,0.0
856,0.331,0.01215
857,0.43095,0.00035
858,0.96345,0.0
859,0.63235,0.2345
860,0.09335,0.02065
861,0.827,0.4296
862,0.34545,0.8024
863,0.2887,5.0e-5
864,0.3942,0.4388
865,0.6419,0.78735
866,0.65635,0.5
867,0.38115,0.8583
868,0.6496,0.9793
869,0.26995,0.94925
870,0.81815,0.0
871,0.479,0.00065
872,0.8202,1.0
873,0.1783,0.0
874,0.60525,0.77745
875,0.62735,0.65845
876,0.85465,0.0
877,0.1832,0.3913
878,0.7351,0.8633
879,0.0617,0.1549
880,0.54265,0.0
881,0.7899,0.3536
882,0.08745,0.0074
883,0.09,0.4552
884,0.59425,0.8389
885,0.4126,0.34775
886,0.8662,0.9996
887,0.5053,0.0
888,0.32495,0.0
889,0.9717,0.0
890,0.69915,1.0
891,0.46075,0.5059
892,0.72815,0.0115
893,0.94175,0.0358
894,0.5524,0.0
895,0.4447,0.2722
896,0.60305,0.119
897,0.23435,0.3439
898,0.74265,0.174
899,0.2662,0.0
900,0.3478,0.39745
901,0.72575,0.97045
902,0.2867,0.08375
903,0.23325,0.99965
904,0.6997,0.0
905,0.3558,0.0
906,0.0765,0.0
907,0.16505,0.30295
908,0.10025,0.5224
909,0.18425,0.43465
910,0.8994,0.53075
911,0.0827,0.0
912,0.33475,0.99805
913,0.5016,0.79345
914,0.59605,0.5201
915,0.8819,0.18645
916,0.8687,0.9076
917,0.5078,0.0
918,0.3451,0.14215
919,0.3524,0.7744
920,0.07325,0.0255
921,0.59145,0.16485
922,0.21335,0.0
923,0.09275,1.0
924,0.95735,0.19275
925,0.1235,0.02885
926,0.08905,0.45815
927,0.20385,0.0
928,0.63385,0.30805
929,0.61295,0.75
930,0.2253,0.1357
931,0.92035,0.08605
932,0.2528,0.5
933,0.10045,0.986
934,0.28245,0.2874
935,0.4045,0.0
936,0.3423,0.0
937,0.7631,0.00125
938,0.2795,0.0
939,0.42445,0.0001
940,0.3601,0.0
941,0.62665,0.3771
942,0.80825,0.5065
943,0.1645,0.35985
944,0.09535,0.0
945,0.5557,0.2871
946,0.9826,0.0
947,0.88715,0.0035
948,0.127,0.0
949,0.8344,1.0
950,0.38405,0.9704
951,0.2412,0.25
952,0.34445,0.0
953,0.75,0.0
954,0.19415,0.0
955,0.7977,0.0
956,0.7669,0.62305
957,0.71085,1.0
958,0.38325,0.03885
959,0.1856,0.0
960,0.1869,0.87955
961,0.0154,0.0
962,0.81515,1.0
963,0.82005,0.0052
964,0.77855,0.97375
965,0.43275,0.0
966,0.50115,0.0
967,0.7013,1.0
968,0.01825,0.0026
969,0.4414,0.32885
970,0.16765,0.6261
971,0.4906,0.86665
972,0.07195,0.0
973,0.5795,0.71245
974,0.40585,0.38845
975,0.42235,0.0
976,0.32075,0.5873
977,0.2285,0.00145
978,0.88705,0.0
979,0.57815,0.7295
980,0.707,1.0
981,0.10865,0.0
982,0.07645,0.0857
983,0.7205,0.25
984,0.5141,0.5953
985,0.8244,0.0
986,0.39705,0.00065
987,0.32425,0.12585
988,0.4501,0.99925
989,0.8864,0.99385
990,0.7216,0.0
991,0.0519,0.004
992,0.2242,0.0
993,0.75845,0.9978
994,0.50175,5.0e-5
995,0.60955,0.9946
996,0.46825,0.4523
997,0.8003,0.45235
998,0.8282,0.25
999,0.1324,0.0
1000,0.61745,0.10985
1001,0.7845,0.1703
1002,0.26925,0.0
1003,0.336,0.4068
1004,0.0619,0.31705
1005,0.66355,0.22565
1006,0.4529,0.78665
1007,0.54265,0.9579
1008,0.0882,0.0
1009,0.23085,0.25
1010,0.173,0.0
1011,0.7503,0.8001
1012,0.4592,0.75
1013,0.66225,0.12395
1014,0.08715,0.3528
1015,0.304,0.0
1016,0.6802,0.0
1017,0.03545,0.00035
1018,0.46915,0.04265
1019,0.47035,0.1602
1020,0.30165,0.25
1021,0.59705,0.97515
1022,0.38195,0.35925
1023,0.21905,0.00035
1024,0.72345,0.70175
1025,0.36335,0.6099
1026,0.297,0.9163
1027,0.9226,0.9311
1028,0.6522,0.5
1029,0.70765,0.9579
1030,0.56235,1.0
1031,0.08155,0.0
1032,0.29305,0.73235
1033,0.35265,0.75
1034,0.41765,0.9884
1035,0.6022,0.9941
1036,0.5394,0.63055
1037,0.61515,0.5
1038,0.60365,0.5
1039,0.0404,0.0
1040,0.1977,0.5155
1041,0.40855,0.0
1042,0.20785,0.9053
1043,0.64555,0.0
1044,0.08385,0.0
1045,0.3155,0.48515
1046,0.09025,0.0085
1047,0.64395,0.0494
1048,0.4746,0.00045
1049,0.85155,0.38275
1050,0.82975,0.0564
1051,0.2013,0.0
1052,0.1675,0.96615
1053,0.9243,0.0
1054,0.38995,0.00355
1055,0.7103,0.80825
1056,0.655,0.53075
1057,0.46325,0.0255
1058,0.6105,0.0
1059,0.682,0.62855
1060,0.23125,0.0
1061,0.9203,1.0
1062,0.07275,0.0
1063,0.7106,0.903
1064,0.81555,1.0
1065,0.02265,0.00355
1066,0.35295,0.25
1067,0.2035,0.0
1068,0.0879,0.01
1069,0.2889,0.27625
1070,0.32975,0.0
1071,0.78735,0.03525
1072,0.6775,0.07035
1073,0.6301,0.0
1074,0.6089,0.4245
1075,0.8232,0.00025
1076,0.45785,0.0
1077,0.1526,0.15335
1078,0.913,0.98375
1079,0.4079,0.402
1080,0.22235,0.0
1081,0.1589,0.67185
1082,0.0304,0.86555
1083,0.3157,0.0
1084,0.21695,0.0
1085,0.159,0.0292
1086,0.89695,0.30285
1087,0.03795,0.0
1088,0.50065,0.0
1089,0.00365,0.0
1090,0.12185,0.0701
1091,0.7799,0.8474
1092,0.2255,0.0
1093,0.064,0.0014
1094,0.1664,0.0
1095,0.14905,0.00145
1096,0.17245,0.7206
1097,0.4013,0.00595
1098,0.24865,0.0
1099,0.0971,0.98495
1100,0.4898,0.26005
1101,0.6445,0.0
1102,0.9206,1.0
1103,0.27375,0.0
1104,0.4132,0.11885
1105,0.0366,0.0
1106,0.35435,0.0
1107,0.1204,0.0
1108,0.67485,0.7391
1109,0.0041,0.0
1110,0.0567,0.8495
1111,0.5277,0.5653
1112,0.14485,1.0
1113,0.67745,0.33275
1114,0.32535,0.6288
1115,0.2494,0.0005
1116,0.56015,0.37225
1117,0.94475,0.7932
1118,0.746,0.99905
1119,0.4495,0.0003
1120,0.31965,0.02435
1121,0.3827,0.0
1122,0.37785,0.20725
1123,0.1557,0.0812
1124,0.00095,0.0
1125,0.2257,0.1793
1126,0.26065,0.003
1127,0.12175,0.25
1128,0.5588,0.0
1129,0.3862,0.0
1130,0.2935,1.0
1131,0.1406,0.25
1132,0.127,0.0
1133,0.22755,0.54685
1134,0.99725,1.0
1135,0.90345,0.0006
1136,0.89045,0.1324
1137,0.0106,0.5194
1138,0.17965,0.0876
1139,0.60615,0.0
1140,0.74135,0.3864
1141,0.0478,0.00245
1142,0.7492,0.9792
1143,0.59305,0.0263
1144,0.66255,0.5363
1145,0.797,0.3178
1146,0.0403,0.1014
1147,0.4725,0.58355
1148,0.21845,0.0
1149,0.101,0.0009
1150,0.9444,0.0
1151,0.18075,0.04925
1152,0.24195,0.329
1153,0.17105,0.62545
1154,0.8893,1.0
1155,0.51865,0.2478
1156,0.5053,0.31815
1157,0.69655,0.5985
1158,0.25395,0.0103
1159,0.7259,1.0
1160,0.4182,0.2766
1161,0.28925,0.01455
1162,0.4678,0.0
1163,0.2003,0.20045
1164,0.32345,0.0
1165,0.12905,0.26775
1166,0.3107,1.0
1167,0.512,0.0
1168,0.1346,0.0
1169,0.68585,0.0
1170,0.68125,0.0102
1171,0.8603,0.99585
1172,0.01275,0.6654
1173,0.0126,0.0
1174,0.2025,0.28645
1175,0.73,0.0261
1176,0.3169,0.25
1177,0.447,0.29985
1178,0.36335,0.25
1179,0.8094,0.0084
1180,0.32775,0.19205
1181,0.67185,0.0409
1182,0.6553,0.2971
1183,0.84935,0.98155
1184,0.44495,0.00515
1185,0.3986,0.003
1186,0.3102,0.0
1187,0.18565,0.63115
1188,0.7008,0.0748
1189,0.3321,0.8432
1190,0.62885,0.98945
1191,0.5131,1.0
1192,0.38885,0.0
1193,0.438,0.9949
1194,0.77595,0.0
1195,0.5464,0.9943
1196,0.93905,0.0
1197,0.3314,0.79565
1198,0.4711,0.0
1199,0.69075,0.0
1200,0.42385,0.03105
1201,0.43985,0.5
1202,0.3855,0.1435
1203,0.5386,0.1708
1204,0.8615,1.0
1205,0.00705,0.25
1206,0.22855,0.0043
1207,0.018,0.00025
1208,0.39825,0.02975
1209,0.3208,0.0
1210,0.3769,0.0
1211,0.80655,0.0
1212,0.248,0.11595
1213,0.6599,0.002
1214,0.2757,0.0
1215,0.1693,0.0
1216,0.3928,0.0363
1217,0.29165,0.07315
1218,0.35035,0.2689
1219,0.72905,0.0
1220,0.05585,0.0
1221,0.18755,0.0
1222,0.3508,0.0156
1223,0.1313,0.21555
1224,0.7742,0.2093
1225,0.84955,0.475
1226,0.08645,0.0
1227,0.006,0.0
1228,0.4639,0.44755
1229,0.78715,0.59975
1230,0.44975,0.70605
1231,0.64685,0.0003
1232,0.0323,0.0
1233,0.2941,0.0
1234,0.1562,0.00085
1235,0.332,0.0624
1236,0.3155,0.25
1237,0.46405,0.36545
1238,0.24235,0.00055
1239,0.83785,0.8847
1240,0.39255,0.6741
1241,0.0186,0.32795
1242,0.1628,0.25475
1243,0.6197,0.0
1244,0.2951,0.0
1245,0.37355,0.01125
1246,0.1598,0.0002
1247,0.05995,0.318
1248,0.3592,1.0
1249,0.3841,0.0
1250,0.6211,0.0072
1251,0.1021,0.0
1252,0.76365,0.41535
1253,0.912,0.891
1254,0.4719,1.0
1255,0.17505,0.001
1256,0.3811,0.00025
1257,0.45425,0.4538
1258,0.84855,0.0001
1259,0.0491,0.0
1260,0.05755,0.25
1261,0.82485,0.0
1262,0.23575,0.0
1263,0.43015,0.23555
1264,0.0788,0.82035
1265,0.2895,0.1727
1266,0.19145,0.0
1267,0.28995,0.0
1268,0.3695,0.18765
1269,0.81825,0.2162
1270,0.8474,0.49725
1271,0.49095,1.0
1272,0.21645,0.25
1273,0.88745,1.0
1274,0.48225,0.0
1275,0.9907,1.0
1276,0.0622,0.56055
1277,0.7398,0.00265
1278,0.203,0.7058
1279,0.7243,0.602
1280,0.4202,0.83965
1281,0.9969,0.25075
1282,0.8902,0.6766
1283,0.448,0.0
1284,0.4815,0.8999
1285,0.67025,0.0
1286,0.3991,0.1161
1287,0.0226,0.14355
1288,0.25175,0.16025
1289,0.8138,0.0
1290,0.2026,0.8022
1291,0.7612,0.99005
1292,0.19735,0.0015
1293,0.1838,0.0
1294,0.34345,0.3957
1295,0.3322,0.8991
1296,0.8378,0.9955
1297,0.92245,1.0
1298,0.37855,0.34735
1299,0.3932,0.0
1300,0.56515,0.33275
1301,0.57765,0.9986
1302,0.5977,0.5979
1303,0.41185,0.2316
1304,0.97495,1.0
1305,0.9749,1.0
1306,0.39895,0.0465
1307,0.22935,1.0
1308,0.90405,1.0
1309,0.62575,0.0817
1310,0.0844,0.4061
1311,0.7442,0.6192
1312,0.438,1.0
1313,0.10285,0.0336
1314,0.60585,1.0
1315,0.91765,0.0
1316,0.14935,0.05995
1317,0.62875,0.5
1318,0.6629,0.60105
1319,0.2659,0.99745
1320,0.80895,0.37825
1321,0.924,0.55585
1322,0.93415,0.7664
1323,0.7423,0.99885
1324,0.5139,0.3148
1325,0.49365,0.0
1326,0.25615,0.25
1327,0.3926,0.37495
1328,0.66275,0.0
1329,0.2532,0.00105
1330,0.03725,0.0
1331,0.92515,0.53385
1332,0.35995,0.0002
1333,0.51845,0.91795
1334,0.12135,0.0
1335,0.4605,0.0234
1336,0.1569,0.97605
1337,0.28955,0.077
1338,0.19065,0.30035
1339,0.0281,0.0
1340,0.32375,0.59265
1341,0.77675,0.88105
1342,0.51155,0.62765
1343,0.852,0.0
1344,0.7128,0.43135
1345,0.12055,0.332
1346,0.41905,0.0
1347,0.04225,0.0
1348,0.38565,0.9281
1349,0.497,0.25
1350,0.68345,0.0
1351,0.2549,0.0
1352,0.7437,0.001
1353,0.8045,0.60705
1354,0.01185,0.0
1355,0.90555,1.0
1356,0.51,0.0
1357,0.7462,0.0256
1358,0.94565,0.9851
1359,0.52175,0.0
1360,0.14735,0.0
1361,0.0972,0.0
1362,0.2788,0.0
1363,0.9224,1.0
1364,0.6583,0.76175
1365,0.8756,0.12425
1366,0.32405,0.2061
1367,0.34495,0.81135
1368,0.19465,0.3199
1369,0.4927,0.88275
1370,0.62145,0.0018
1371,0.2175,0.0
1372,0.6533,0.0
1373,0.8333,0.75
1374,0.3455,0.0
1375,0.7833,0.0
1376,0.2195,0.0
1377,0.1184,0.0
1378,0.6374,1.0
1379,0.48725,0.0
1380,0.44085,0.2849
1381,0.8372,0.98655
1382,0.1851,0.0474
1383,0.2174,0.8506
1384,0.94095,1.0
1385,0.7445,0.25
1386,0.55165,0.971
1387,0.7042,0.99555
1388,0.8229,0.0
1389,0.39715,0.00045
1390,0.5112,0.0
1391,0.1045,0.0009
1392,0.13445,0.89205
1393,0.03245,0.25
1394,0.38825,0.7345
1395,0.0197,0.1048
1396,0.2644,0.0759
1397,0.2603,0.0
1398,0.24705,0.0
1399,0.73415,0.2827
1400,0.7974,1.0
1401,0.94355,0.31875
1402,0.6455,0.6032
1403,0.62385,0.71295
1404,0.24055,0.00025
1405,0.10515,0.17675
1406,0.47895,0.78295
1407,0.76355,0.0
1408,0.71935,1.0
1409,0.13795,0.62295
1410,0.37165,0.0001
1411,0.9065,0.00465
1412,0.88405,0.50845
1413,0.6033,0.0
1414,0.11055,0.0
1415,0.34115,0.2503
1416,0.26275,0.2922
1417,0.54995,1.0
1418,0.90795,0.0
1419,0.09685,0.20125
1420,0.21205,0.0
1421,0.6416,0.8009
1422,0.64995,0.0
1423,0.80665,0.0883
1424,0.92615,0.3428
1425,0.229,0.0
1426,0.245,0.18685
1427,0.409,0.0489
1428,0.6797,1.0
1429,0.95645,0.993
1430,0.06665,0.0
1431,0.85675,0.09665
1432,0.7786,0.9867
1433,0.3925,0.0242
1434,0.2461,0.429
1435,0.78965,0.0
1436,0.20255,0.94525
1437,0.9386,0.2649
1438,0.51415,0.20695
1439,0.8434,1.0
1440,0.5263,0.8596
1441,0.4516,0.6321
1442,0.3727,0.8506
1443,0.44535,0.0498
1444,0.20805,0.5357
1445,0.78125,0.561
1446,0.0334,0.0
1447,0.1827,0.1479
1448,0.2822,0.0
1449,0.9815,0.98325
1450,0.09165,0.5803
1451,0.2424,0.27575
1452,0.64365,0.32835
1453,0.4127,0.5499
1454,0.94745,1.0
1455,0.32605,0.0
1456,0.48985,1.0
1457,0.49595,0.6275
1458,0.4996,0.24455
1459,0.91,0.57745
1460,0.7884,0.0671
1461,0.17055,0.6724
1462,0.2928,0.00085
1463,0.0435,0.0
1464,0.2664,0.0
1465,0.72605,0.51395
1466,0.1317,0.68335
1467,0.47145,0.99585
1468,0.7501,0.0
1469,0.5623,1.0
1470,0.48745,0.0711
1471,0.5997,0.5031
1472,0.1919,0.0
1473,0.2244,0.0
1474,0.69675,0.17305
1475,0.8523,0.3492
1476,0.9944,1.0
1477,0.2903,0.011
1478,0.63025,0.1947
1479,0.7703,0.6268
1480,0.4984,0.3844
1481,0.0712,0.0
1482,0.9883,0.6223
1483,0.37005,0.0
1484,0.83665,0.00025
1485,0.454,0.0083
1486,0.7828,0.6458
1487,0.40815,0.13375
1488,0.94745,1.0
1489,0.10205,0.00015
1490,0.09815,0.0
1491,0.6779,0.0
1492,0.76515,1.0
1493,0.7596,0.39895
1494,0.3333,0.21525
1495,0.52695,0.57015
1496,0.39665,0.52025
1497,0.98135,1.0
1498,0.63235,0.0518
1499,0.66745,0.73425
1500,0.4605,0.1189
1501,0.66725,0.2755
1502,0.3318,0.99735
1503,0.46155,0.59755
1504,0.8723,1.0
1505,0.53245,0.58255
1506,0.75945,0.76595
1507,0.66745,0.24215
1508,0.42705,0.0
1509,0.21025,0.00185
1510,0.28675,5.0e-5
1511,0.19075,0.0
1512,0.67085,1.0
1513,0.3639,0.0
1514,0.306,0.03085
1515,0.3135,0.0
1516,0.13555,0.4409
1517,0.836,0.0
1518,0.22345,0.28865
1519,0.76275,0.25
1520,0.4549,0.5
1521,0.39515,0.0
1522,0.0835,0.04325
1523,0.87115,0.8218
1524,0.2414,0.0
1525,0.96335,0.4367
1526,0.1254,0.0
1527,0.9064,0.3082
1528,0.35745,0.1486
1529,0.5953,0.25
1530,0.1113,0.0
1531,0.5125,0.00045
1532,0.7351,0.1066
1533,0.62265,0.3027
1534,0.401,0.7687
1535,0.14725,0.00025
1536,0.36015,0.0
1537,0.57665,0.4831
1538,0.9599,0.9977
1539,0.12175,0.0
1540,0.75755,0.23615
1541,0.54545,0.4084
1542,0.78775,0.0
1543,0.5153,0.7219
1544,0.43715,0.9977
1545,0.6488,1.0
1546,0.9628,0.381
1547,0.8543,0.9358
1548,0.4562,0.0
1549,0.54815,1.0
1550,0.9984,0.0
1551,0.5647,1.0
1552,0.63495,0.25
1553,0.0611,0.9987
1554,0.67575,0.6605
1555,0.74875,0.5
1556,0.3471,0.52825
1557,0.4874,0.28965
1558,0.3011,0.66965
1559,0.04905,0.0
1560,0.2449,0.26435
1561,0.6767,0.6632
1562,0.1218,0.62095
1563,0.0492,0.5
1564,0.9291,0.00015
1565,0.8585,0.0152
1566,0.7891,0.2881
1567,0.4471,0.0
1568,0.4625,0.02265
1569,0.29025,0.3891
1570,0.15015,0.91505
1571,0.85505,0.0
1572,0.77635,1.0
1573,0.63815,0.5484
1574,0.19225,0.75765
1575,0.1205,0.0
1576,0.6857,0.00585
1577,0.7453,0.7194
1578,0.45515,0.00835
1579,0.3468,0.7916
1580,0.68655,0.00015
1581,0.39205,0.5
1582,0.33845,0.2353
1583,0.8907,0.9477
1584,0.31235,0.0116
1585,0.55315,0.0
1586,0.07115,0.9834
1587,0.99135,1.0
1588,0.49125,0.7719
1589,0.2782,0.0
1590,0.35585,0.0
1591,0.00415,0.75515
1592,0.48815,0.10315
1593,0.20165,0.08425
1594,0.84625,1.0
1595,0.5654,0.2095
1596,0.22685,0.0
1597,0.10005,0.9972
1598,0.6618,0.3961
1599,0.9264,0.31645
1600,0.69315,0.0
1601,0.59725,0.25
1602,0.33285,0.61345
1603,0.8365,0.3058
1604,0.78515,0.594
1605,0.19405,0.3421
1606,0.1954,0.0001
1607,0.2505,0.42515
1608,0.3715,0.6427
1609,0.49915,0.07395
1610,0.39375,0.0
1611,0.11935,0.0
1612,0.4029,1.0
1613,0.61835,0.05485
1614,0.65055,1.0
1615,0.29535,0.4594
1616,0.48205,0.78175
1617,0.4011,0.00035
1618,0.855,0.242
1619,0.57,0.5
1620,0.6605,0.09085
1621,0.5105,0.0082
1622,0.6106,0.5
1623,0.52525,0.8309
1624,0.58285,0.02405
1625,0.7337,0.23815
1626,0.2724,0.552
1627,0.5215,0.2601
1628,0.4818,0.25
1629,0.70975,0.62545
1630,0.11505,0.21825
1631,0.58835,0.99945
1632,0.23965,0.0
1633,0.25615,0.0581
1634,0.5771,0.0001
1635,0.5801,0.0
1636,0.38805,0.42915
1637,0.26565,0.0
1638,0.4989,0.2594
1639,0.12485,0.9798
1640,0.48165,0.0
1641,0.15245,0.14395
1642,0.32205,0.82035
1643,0.29735,1.0
1644,0.45145,0.24155
1645,0.45785,0.4065
1646,0.1244,0.6605
1647,0.8167,0.0678
1648,0.9638,0.0009
1649,0.69595,0.7611
1650,0.64965,0.96975
1651,0.34865,0.5
1652,0.1481,0.0
1653,0.54195,0.6504
1654,0.8637,0.98955
1655,0.50145,0.60915
1656,0.7649,0.99525
1657,0.3889,0.30315
1658,0.14085,0.7026
1659,0.6994,0.2692
1660,0.4582,0.0
1661,0.54305,0.05545
1662,0.29445,0.57975
1663,0.7148,0.29735
1664,0.29355,1.0
1665,0.7924,0.0
1666,0.43225,0.0
1667,0.33495,0.0
1668,0.4559,0.0185
1669,0.3729,0.8968
1670,0.47435,0.25
1671,0.05215,0.80125
1672,0.37895,0.3286
1673,0.40215,0.5988
1674,0.2343,0.25
1675,0.98945,0.96265
1676,0.70015,0.0
1677,0.09485,0.0
1678,0.26095,0.01095
1679,0.8126,0.0
1680,0.3435,0.0
1681,0.5866,0.0
1682,0.58895,0.995
1683,0.6834,0.0491
1684,0.9521,0.6571
1685,0.64655,1.0
1686,0.3732,0.0
1687,0.4197,0.04335
1688,0.1711,0.19055
1689,0.08045,0.0
1690,0.2594,0.45675
1691,0.28885,0.0
1692,0.59495,0.42885
1693,0.007,0.06805
1694,0.1326,0.0003
1695,0.0872,0.11695
1696,0.3051,0.03545
1697,0.51695,0.6783
1698,0.2718,0.0
1699,0.09105,0.0
1700,0.4978,0.99995
1701,0.6192,1.0
1702,0.11825,0.1374
1703,0.3143,0.1337
1704,0.09525,0.0
1705,0.9206,0.16825
1706,0.56775,0.11035
1707,0.32415,0.0
1708,0.4335,0.389
1709,0.2841,0.47635
1710,0.1886,0.0
1711,0.99115,1.0
1712,0.02285,0.0
1713,0.17085,0.0
1714,0.05875,0.5544
1715,0.68755,0.0
1716,0.2842,0.60575
1717,0.8146,0.0
1718,0.90385,0.96385
1719,0.2298,0.0
1720,0.65055,0.2777
1721,0.1849,0.80535
1722,0.86705,0.0
1723,0.36415,0.0
1724,0.20915,0.0
1725,0.2149,0.0
1726,0.1031,0.41065
1727,0.4511,0.0483
1728,0.7486,1.0
1729,0.196,0.00785
1730,0.61625,0.803
1731,0.48115,0.27645
1732,0.4607,0.1364
1733,0.2246,0.99975
1734,0.0888,0.3132
1735,0.4327,0.00375
1736,0.9756,0.9845
1737,0.90135,0.99815
1738,0.97045,1.0
1739,0.37515,0.4391
1740,0.7928,1.0
1741,0.44555,0.00995
1742,0.028,1.0
1743,0.27595,0.0
1744,0.7787,0.8534
1745,0.3015,0.36415
1746,0.39015,0.9858
1747,0.7014,1.0
1748,0.4541,0.0
1749,0.09595,0.7612
1750,0.131,0.1914
1751,0.22595,0.70895
1752,0.3457,0.62755
1753,0.5174,1.0
1754,0.40845,0.0
1755,0.832,0.1509
1756,0.27485,1.0
1757,0.3789,0.2876
1758,0.91215,0.3006
1759,0.2975,0.78085
1760,0.6238,1.0
1761,0.9979,1.0
1762,0.778,0.21235
1763,0.652,0.78825
1764,0.01175,0.0
1765,0.49745,0.0723
1766,0.34035,0.01125
1767,0.87125,0.0001
1768,0.20245,0.21265
1769,0.31875,0.8969
1770,0.92145,1.0
1771,0.14845,0.159
1772,0.10695,0.17195
1773,0.3225,5.0e-5
1774,0.27905,0.4578
1775,0.08375,0.0003
1776,0.54025,0.6538
1777,0.1508,0.04085
1778,0.55975,0.3479
1779,0.1423,0.0
1780,0.7437,0.99945
1781,0.80155,0.2798
1782,0.10165,0.2557
1783,0.09335,0.0259
1784,0.1648,0.5
1785,0.8926,0.2339
1786,0.6352,0.94385
1787,0.21555,0.73445
1788,0.96055,0.96915
1789,0.78805,0.0419
1790,0.2009,1.0
1791,0.3392,0.77285
1792,0.73325,0.681
1793,0.51715,0.92725
1794,0.6633,1.0
1795,0.7431,0.6734
1796,0.56855,0.8106
1797,0.1119,0.0
1798,0.75595,0.0
1799,0.2507,0.36745
1800,0.95375,0.25
1801,0.1819,1.0
1802,0.93185,0.00345
1803,0.23515,0.68735
1804,0.2061,0.25
1805,0.3182,0.2405
1806,0.26355,0.0
1807,0.0553,0.00025
1808,0.88705,0.1279
1809,0.2683,0.0
1810,0.64785,0.0062
1811,0.12305,0.0
1812,0.9537,1.0
1813,0.4799,0.7944
1814,0.6017,0.0
1815,0.28735,0.01765
1816,0.13345,0.25
1817,0.05735,0.25
1818,0.8152,0.25
1819,0.87935,1.0
1820,0.6617,0.0855
1821,0.74595,0.6635
1822,0.12495,0.0
1823,0.5809,0.0036
1824,0.19915,0.0
1825,0.411,0.05335
1826,0.9912,1.0
1827,0.77765,0.10965
1828,0.74715,1.0
1829,0.0992,0.57465
1830,0.82255,0.0
1831,0.2404,0.0001
1832,0.1102,0.7046
1833,0.40865,0.5139
1834,0.26105,1.0
1835,0.27915,0.0
1836,0.57515,0.9993
1837,0.2183,0.25
1838,0.43135,0.0
1839,0.02945,0.0074
1840,0.4453,0.2884
1841,0.8002,0.0
1842,0.4902,0.4099
1843,0.8489,0.0038
1844,0.69795,0.75
1845,0.4265,0.0
1846,0.5594,0.2159
1847,0.8077,0.4619
1848,0.2031,0.0
1849,0.76315,1.0
1850,0.5454,0.09935
1851,0.56165,0.00095
1852,0.5422,0.62315
1853,0.2742,0.99825
1854,0.28195,0.55805
1855,0.97305,1.0
1856,0.69785,0.42525
1857,0.03325,0.0
1858,0.43605,0.9216
1859,0.97275,0.9004
1860,0.0528,0.0
1861,0.0672,0.0
1862,0.99855,0.9919
1863,0.54985,0.0
1864,0.5196,0.64635
1865,0.0059,0.0
1866,0.36255,0.0
1867,0.28815,0.48755
1868,0.47195,0.1554
1869,0.4516,0.7689
1870,0.0487,1.0
1871,0.8075,0.0
1872,0.7813,0.8897
1873,0.0789,0.87
1874,0.3317,0.50165
1875,0.73005,5.0e-5
1876,0.55465,0.42685
1877,0.43295,0.79395
1878,0.5118,0.00025
1879,0.6003,0.0
1880,0.93835,1.0
1881,0.9076,1.0
1882,0.37115,0.42705
1883,0.37705,1.0
1884,0.0295,1.0
1885,0.28775,0.0
1886,0.3079,0.245
1887,0.2611,0.0
1888,0.91745,0.0
1889,0.9729,1.0
1890,0.14325,0.12765
1891,0.7961,0.2961
1892,0.47825,0.0009
1893,0.382,0.5
1894,0.41545,0.56735
1895,0.95915,1.0
1896,0.4753,0.0004
1897,0.27895,0.0
1898,0.23325,0.02325
1899,0.9802,1.0
1900,0.70565,0.0236
1901,0.93575,0.81605
1902,0.22825,0.25585
1903,0.5356,0.08785
1904,0.69385,0.88435
1905,0.5076,0.46
1906,0.74045,0.25
1907,0.0898,0.0
1908,0.48315,0.8493
1909,0.2049,0.9964
1910,0.54635,0.55105
1911,0.7625,0.0
1912,0.54035,1.0
1913,0.5705,0.0011
1914,0.8252,1.0
1915,0.75665,1.0
1916,0.35465,0.0
1917,0.56055,0.24945
1918,0.3367,0.0
1919,0.16295,0.25
1920,0.80065,0.0
1921,0.6578,0.68745
1922,0.2259,0.00015
1923,0.8976,1.0
1924,0.55495,0.8484
1925,0.7884,0.45505
1926,0.63305,0.9691
1927,0.9573,0.89005
1928,0.49835,0.94185
1929,0.52335,0.0
1930,0.469,0.8147
1931,0.8651,1.0
1932,0.95845,1.0
1933,0.8838,0.0
1934,0.3827,0.0
1935,0.4131,0.04755
1936,0.2493,0.33605
1937,0.8906,0.9735
1938,0.4266,0.4879
1939,0.67585,0.1025
1940,0.8689,0.9109
1941,0.81115,0.99995
1942,0.7177,0.82795
1943,0.0939,0.0
1944,0.42505,0.69995
1945,0.6326,0.25
1946,0.2357,0.6372
1947,0.2486,0.00775
1948,0.8056,0.0
1949,0.61605,0.0
1950,0.4525,0.15195
1951,0.4644,0.86765
1952,0.3522,0.07535
1953,0.2446,0.0
1954,0.5254,0.46585
1955,0.7725,1.0
1956,0.0583,0.21395
1957,0.75335,0.5864
1958,0.4783,0.11915
1959,0.4917,0.106
1960,0.1443,0.1913
1961,0.6091,0.1694
1962,0.5352,0.0
1963,0.8321,0.63395
1964,0.8118,0.1184
1965,0.23025,0.9999
1966,0.6197,0.2131
1967,0.7093,0.5107
1968,0.52605,0.0
1969,0.4935,0.07635
1970,0.7886,1.0
1971,0.53465,0.3223
1972,0.6768,0.14555
1973,0.0895,0.0
1974,0.60325,0.9782
1975,0.2567,0.1384
1976,0.70345,0.0973
1977,0.9604,0.99955
1978,0.44835,0.0
1979,0.5141,0.1366
1980,0.62745,0.9711
1981,0.5079,0.0
1982,0.1606,0.03435
1983,0.39315,0.0032
1984,0.1356,0.0
1985,0.4205,0.0298
1986,0.22745,0.00025
1987,0.3207,0.34705
1988,0.4314,0.0
1989,0.6446,0.80575
1990,0.5033,0.57655
1991,0.78295,0.9108
1992,0.55075,0.06185
1993,0.8033,0.88245
1994,0.80345,0.70755
1995,0.5796,0.57125
1996,0.54055,0.0
1997,0.62995,1.0
1998,0.97515,1.0
1999,0.9791,1.0
2000,0.82275,0.25
2001,0.52965,0.3613
2002,0.06175,0.01105
2003,0.49685,0.78225
2004,0.21955,0.0
2005,0.5639,0.5839
2006,0.35305,0.0
2007,0.6592,0.4637
2008,0.5166,0.25
2009,0.3254,0.0
2010,0.70005,0.4293
2011,0.6184,0.92955
2012,0.2489,0.00105
2013,0.65735,0.2507
2014,0.8876,0.99855
2015,0.84615,0.0
2016,0.83265,1.0
2017,0.9713,1.0
2018,0.16145,0.39555
2019,0.00235,0.0
2020,0.4591,0.65145
2021,0.8024,0.7702
2022,0.26215,0.34135
2023,0.4892,0.0
2024,0.76545,0.0
2025,0.7887,0.0
2026,0.01835,0.1471
2027,0.62875,0.0
2028,0.43165,0.0
2029,0.3605,0.1962
2030,0.42525,0.22075
2031,0.36195,0.25
2032,0.25165,0.0012
2033,0.45425,0.36075
2034,0.42985,1.0
2035,0.3232,0.0
2036,0.08685,1.0
2037,0.63425,0.0036
2038,0.48295,0.89145
2039,0.46955,1.0
2040,0.08645,0.25
2041,0.81925,1.0
2042,0.34575,0.98295
2043,0.12735,0.53285
2044,0.1025,0.9997
2045,0.376,0.8109
2046,0.41635,0.98835
2047,0.1608,0.9659
2048,0.41745,0.57425
2049,0.43195,0.0323
2050,0.34765,0.09
2051,0.1716,0.0453
2052,0.35365,0.0
2053,0.97485,0.5204
2054,0.18735,0.1641
2055,0.02145,0.0
2056,0.42215,0.0
2057,0.8195,0.5528
2058,0.4269,0.02915
2059,0.9937,0.5
2060,0.14725,0.12935
2061,0.55365,0.26305
2062,0.64535,0.4151
2063,0.23305,0.0
2064,0.3652,0.239
2065,0.4714,0.0
2066,0.1619,0.9693
2067,0.5752,0.73705
2068,0.08365,0.0
2069,0.651,0.15305
2070,0.1234,0.40275
2071,0.9818,0.00175
2072,0.3288,0.10265
2073,0.6768,0.01995
2074,0.6659,1.0
2075,0.36455,0.5
2076,0.3501,0.0
2077,0.5247,0.25
2078,0.43515,0.00275
2079,0.33365,0.19375
2080,0.9541,1.0
2081,0.27465,0.14085
2082,0.2124,0.0
2083,0.7375,0.0
2084,0.8313,1.0
2085,0.25855,0.25
2086,0.7178,0.9636
2087,0.21805,0.006
2088,0.4558,0.5
2089,0.4503,0.1488
2090,0.3652,0.38935
2091,0.4928,0.0
2092,0.2377,0.65875
2093,0.1611,0.25
2094,0.85765,0.27925
2095,0.4818,0.46655
2096,0.2746,0.2561
2097,0.2407,0.0
2098,0.25995,0.0
2099,0.7224,0.2233
2100,0.3275,0.40865
2101,0.7696,0.25
2102,0.0997,0.5115
2103,0.1202,0.75335
2104,0.4182,0.6815
2105,0.3725,0.41345
2106,0.1149,0.0
2107,0.64715,1.0
2108,0.0924,0.55395
2109,0.40475,0.84415
2110,0.65315,0.0923
2111,0.9415,0.87915
2112,0.13385,0.38515
2113,0.00895,0.0
2114,0.2713,0.0
2115,0.59635,0.5
2116,0.48305,0.0
2117,0.79525,0.13735
2118,0.78975,0.66365
2119,0.12615,0.0
2120,0.2935,0.99595
2121,0.5048,0.86465
2122,0.66565,0.2849
2123,0.00715,0.0
2124,0.3343,0.14555
2125,0.07965,0.5732
2126,0.65265,0.76285
2127,0.2255,0.0
2128,0.3303,0.0
2129,0.10575,0.0
2130,0.9505,0.0
2131,0.51065,0.0
2132,0.7676,0.0
2133,0.9618,1.0
2134,0.4146,0.5
2135,0.02135,0.0
2136,0.54555,0.8104
2137,0.33755,0.8674
2138,0.04755,0.0
2139,0.0706,0.1409
2140,0.3489,0.02545
2141,0.15095,0.28265
2142,0.1988,0.08485
2143,0.0579,0.07765
2144,0.7368,0.2195
2145,0.7438,0.14045
2146,0.4603,0.3844
2147,0.93845,1.0
2148,0.5286,0.89175
2149,0.16455,0.0
2150,0.8189,0.0
2151,0.8348,0.82475
2152,0.95125,0.45225
2153,0.1391,0.34975
2154,0.40615,0.33815
2155,0.7734,0.25
2156,0.88145,0.99745
2157,0.60305,0.0
2158,0.86125,1.0
2159,0.4287,0.0
2160,0.8057,0.88375
2161,0.4242,0.0085
2162,0.0824,0.62555
2163,0.0193,0.0215
2164,0.0648,0.0
2165,0.1104,0.24235
2166,0.7282,0.0
2167,0.18995,0.0
2168,0.1574,0.25
2169,0.9552,0.6567
2170,0.047,0.965
2171,0.6677,0.43555
2172,0.4252,0.00615
2173,0.0353,0.00015
2174,0.14205,0.0
2175,0.8506,1.0
2176,0.0014,0.0
2177,0.1783,0.76335
2178,0.09125,0.0
2179,0.7263,0.25
2180,0.79215,0.7538
2181,0.13175,0.0
2182,0.85755,0.34245
2183,0.12435,0.0
2184,0.6031,0.167
2185,0.19725,0.3391
2186,0.9676,1.0
2187,0.65345,0.0143
2188,0.69065,0.26245
2189,0.51335,0.4143
2190,0.24625,0.0
2191,0.86825,0.0
2192,0.52015,1.0
2193,0.11805,0.17435
2194,0.80095,0.75755
2195,0.88955,0.8573
2196,0.0466,0.01405
2197,0.3278,0.0
2198,0.2555,0.43345
2199,0.8708,0.0041
2200,0.1074,0.0
2201,0.79165,0.0
2202,0.28285,0.0022
2203,0.67835,0.0
2204,0.32515,0.0
2205,0.96885,0.0
2206,0.12625,1.0
2207,0.5973,0.49445
2208,0.43175,0.977
2209,0.52,0.0
2210,0.15325,0.09615
2211,0.0688,0.25
2212,0.93905,1.0
2213,0.2921,0.0
2214,0.8969,1.0
2215,0.3347,0.11695
2216,0.2968,0.001
2217,0.8163,1.0
2218,0.2119,0.29595
2219,0.5153,0.40955
2220,0.472,0.94215
2221,0.7983,0.94475
2222,0.9316,0.52695
2223,0.4105,0.02495
2224,0.12875,0.0
2225,0.5749,0.0089
2226,0.20145,0.511
2227,0.13155,0.27145
2228,0.3798,0.0
2229,0.32845,0.0
2230,0.3937,0.00255
2231,0.89485,1.0
2232,0.6622,0.0
2233,0.25705,0.0
2234,0.31725,0.0
2235,0.18045,0.0
2236,0.6557,0.09095
2237,0.7777,0.99995
2238,0.2666,0.0
2239,0.4716,0.98275
2240,0.2643,0.0
2241,0.45095,0.8858
2242,0.76675,0.0
2243,0.2332,0.5489
2244,0.15025,0.96925
2245,0.4203,0.0
2246,0.17795,0.0
2247,0.68545,0.07865
2248,0.67355,0.18135
2249,0.5492,0.9916
2250,0.27755,0.2901
2251,0.73545,0.9203
2252,0.794,0.7476
2253,0.221,0.1824
2254,0.8733,0.0
2255,0.28215,0.0
2256,0.1572,0.3847
2257,0.43,0.0
2258,0.1147,0.0
2259,0.54195,0.0
2260,0.78435,1.0
2261,0.2912,0.0
2262,0.6661,1.0
2263,0.63285,0.0
2264,0.30455,0.85615
2265,0.59885,0.2059
2266,0.6782,0.25
2267,0.29825,0.02145
2268,0.4023,0.3343
2269,0.15945,0.28225
2270,0.26605,0.0
2271,0.43555,0.0
2272,0.77875,0.3394
2273,0.9101,1.0
2274,0.45885,0.58085
2275,0.07,0.0
2276,0.17955,0.0791
2277,0.42515,0.4036
2278,0.149,0.23015
2279,0.28725,0.1436
2280,0.8633,0.2431
2281,0.39085,0.0
2282,0.0309,0.40685
2283,0.4252,0.0835
2284,0.5916,0.28835
2285,0.42195,0.0
2286,0.18735,0.0
2287,0.77215,0.53695
2288,0.2552,0.0
2289,0.31965,0.6063
2290,0.3465,0.00535
2291,0.6307,0.0
2292,0.37125,0.25
2293,0.7062,0.0877
2294,0.74515,0.25
2295,0.34085,0.3326
2296,0.7851,0.6084
2297,0.2122,0.0001
2298,0.24235,0.87375
2299,0.42755,0.15935
2300,0.20035,0.25
2301,0.0327,0.0
2302,0.507,0.6818
2303,0.37935,0.59545
2304,0.38895,0.0
2305,0.27725,0.00085
2306,0.03165,5.0e-5
2307,0.0217,0.13255
2308,0.64485,0.25
2309,0.40335,0.30995
2310,0.45845,0.0
2311,0.88755,0.87665
2312,0.64545,0.0
2313,0.3463,0.0
2314,0.0958,0.2779
2315,0.0094,0.6503
2316,0.76365,0.4214
2317,0.46165,0.0
2318,0.578,0.75
2319,0.75275,0.843
2320,0.56095,0.99675
2321,0.8255,0.25
2322,0.9353,0.99825
2323,0.374,0.0
2324,0.2931,0.4952
2325,0.0154,0.0
2326,0.3505,0.0
2327,0.259,0.0
2328,0.61575,0.2231
2329,0.39405,0.00385
2330,0.79625,0.8587
2331,0.99925,1.0
2332,0.6257,0.75
2333,0.0292,0.0
2334,0.1851,0.7568
2335,0.07575,0.01055
2336,0.1903,0.25245
2337,0.96625,1.0
2338,0.29105,0.25
2339,0.12095,0.1636
2340,0.792,0.5
2341,0.77755,0.6539
2342,0.62735,0.03215
2343,0.5237,1.0
2344,0.94155,0.0033
2345,0.94015,0.41365
2346,0.0492,0.32965
2347,0.36235,0.01945
2348,0.171,0.8626
2349,0.6054,0.5993
2350,0.76275,0.1599
2351,0.12845,0.5
2352,0.86785,0.7649
2353,0.90035,0.5733
2354,0.9267,0.9868
2355,0.507,0.0528
2356,0.40795,0.0
2357,0.23455,0.0005
2358,0.1673,0.5
2359,0.52455,0.0
2360,0.1971,0.0
2361,0.2607,0.0022
2362,0.2178,0.0886
2363,0.73215,0.9994
2364,0.33725,0.0
2365,0.70545,1.0
2366,0.083,0.0126
2367,0.17355,0.0
2368,0.3976,0.0
2369,0.29345,1.0
2370,0.0814,0.00125
2371,0.063,0.0
2372,0.0601,0.3599
2373,0.25285,0.0
2374,0.80635,0.12455
2375,0.1614,0.0
2376,0.1886,0.3829
2377,0.65775,0.9973
2378,0.51905,0.985
2379,0.34905,0.12645
2380,0.49495,0.9832
2381,0.89535,1.0
2382,0.56465,0.0
2383,0.11385,0.0
2384,0.26395,0.06915
2385,0.85455,0.03525
2386,0.58375,0.58385
2387,0.34935,0.49835
2388,0.75215,0.62275
2389,0.2187,0.35785
2390,0.8846,0.25
2391,0.0411,0.0
2392,0.31825,0.07635
2393,0.2392,0.0
2394,0.59015,0.21915
2395,0.51105,0.09865
2396,0.1939,0.0
2397,0.3447,0.0
2398,0.03495,0.0
2399,0.9851,0.0
2400,0.05005,0.9713
2401,0.1643,0.0
2402,0.31445,0.0418
2403,0.36195,0.9969
2404,0.457,0.59815
2405,0.2951,0.0945
2406,0.1151,0.0
2407,0.48765,0.9775
2408,0.7408,0.25
2409,0.35395,0.3191
2410,0.59795,0.0
2411,0.56915,0.36435
2412,0.3506,0.8639
2413,0.98185,0.9922
2414,0.4101,0.0
2415,0.3323,0.25
2416,0.33775,0.0
2417,0.1211,0.0
2418,0.05595,0.0001
2419,0.98665,0.0
2420,0.0172,0.2639
2421,0.3949,0.99435
2422,0.97465,1.0
2423,0.72185,0.9997
2424,0.7931,0.59885
2425,0.91005,0.9052
2426,0.88295,1.0
2427,0.72125,0.10505
2428,0.40395,1.0
2429,0.8934,0.9988
2430,0.4739,0.95075
2431,0.7887,0.13865
2432,0.6245,0.0131
2433,0.39825,0.9997
2434,0.024,0.0
2435,0.437,0.2722
2436,0.8047,5.0e-5
2437,0.09585,0.29025
2438,0.43905,1.0
2439,0.1523,0.0
2440,0.91225,0.051
2441,0.13525,0.3058
2442,0.48535,0.9094
2443,0.7888,0.17255
2444,0.08895,0.0
2445,0.60605,0.25
2446,0.874,0.0002
2447,0.7588,0.25
2448,0.9879,0.0389
2449,0.96825,1.0
2450,0.7122,0.9519
2451,0.45365,0.8041
2452,0.55485,0.8505
2453,0.05285,0.0
2454,0.2585,0.00065
2455,0.5442,0.5
2456,0.20815,1.0
2457,0.3734,0.9713
2458,0.4964,0.0806
2459,0.1167,0.9221
2460,0.63905,0.1863
2461,0.62935,0.5191
2462,0.3099,0.0
2463,0.3769,0.53315
2464,0.28455,0.3173
2465,0.2869,0.0
2466,0.6284,0.25
2467,0.72115,0.3127
2468,0.90405,0.8767
2469,0.0303,0.07565
2470,0.9595,1.0
2471,0.4698,0.07305
2472,0.21445,0.6884
2473,0.25045,0.6348
2474,0.4481,0.2102
2475,0.1002,0.0
2476,0.121,0.0
2477,0.38915,0.0
2478,0.7528,0.25
2479,0.15685,0.31625
2480,0.38975,1.0
2481,0.52125,0.5
2482,0.3287,0.82075
2483,0.4938,0.0
2484,0.2483,0.1084
2485,0.1061,0.0065
2486,0.81695,0.1564
2487,0.11705,0.25
2488,0.10705,0.0
2489,0.6062,0.0
2490,0.13645,0.0
2491,0.3882,0.24955
2492,0.09635,0.0
2493,0.25435,0.9616
2494,0.9856,1.0
2495,0.3011,0.09135
2496,0.066,0.6516
2497,0.3291,0.0
2498,0.85335,1.0
2499,0.32835,0.3574
2500,0.7006,0.0
2501,0.99325,1.0
2502,0.2586,0.0
2503,0.7209,0.51795
2504,0.4757,0.01465
2505,0.86225,0.96345
2506,0.4968,0.11275
2507,0.1387,0.97485
2508,0.5775,1.0
2509,0.2859,0.0
2510,0.53125,0.0
2511,0.1232,0.0
2512,0.57005,0.5239
2513,0.74225,0.03995
2514,0.5077,0.56595
2515,0.9072,0.32865
2516,0.66385,1.0
2517,0.70095,0.5213
2518,0.7855,0.0177
2519,0.49905,0.3245
2520,0.69375,0.9541
2521,0.6212,0.23915
2522,0.8159,0.0
2523,0.55785,0.0
2524,0.7275,1.0
2525,0.0437,0.0
2526,0.48465,0.0
2527,0.8265,0.3208
2528,0.03155,0.0551
2529,0.40715,0.0
2530,0.06445,0.0
2531,0.77265,0.75
2532,0.79465,0.5932
2533,0.88315,0.0149
2534,0.69735,1.0
2535,0.39555,1.0
2536,0.2559,0.0014
2537,0.2778,0.92315
2538,0.91075,0.96505
2539,0.60595,0.75645
2540,0.26975,0.87455
2541,0.1399,0.04435
2542,0.70985,0.02355
2543,0.2885,0.0114
2544,0.7664,0.5
2545,0.6469,0.0
2546,0.3818,0.0
2547,0.25755,0.99125
2548,0.31735,1.0
2549,0.777,0.97515
2550,0.47725,0.0
2551,0.1161,0.0
2552,0.2219,0.20315
2553,0.1977,0.0
2554,0.64415,0.4285
2555,0.7369,0.64825
2556,0.59145,0.75
2557,0.1498,0.4397
2558,0.85875,0.82355
2559,0.32765,0.5624
2560,0.43325,5.0e-5
2561,0.4164,0.2696
2562,0.06805,0.0
2563,0.5335,0.6161
2564,0.52915,0.0
2565,0.825,0.25
2566,0.77435,1.0
2567,0.26925,0.35385
2568,0.0033,0.0161
2569,0.5795,0.66625
2570,0.1818,0.00295
2571,0.97645,0.0
2572,0.782,0.98755
2573,0.48215,0.99255
2574,0.28645,0.0111
2575,0.5425,0.16955
2576,0.3166,0.19425
2577,0.2661,0.0
2578,0.66475,0.0
2579,0.80065,0.0
2580,0.5375,0.6898
2581,0.30685,0.97885
2582,0.7384,0.5
2583,0.11245,0.88785
2584,0.0651,0.02725
2585,0.1789,0.54805
2586,0.6303,1.0
2587,0.7864,0.0169
2588,0.07185,0.0011
2589,0.9529,0.98825
2590,0.05775,0.28315
2591,0.51415,0.24495
2592,0.8316,0.8021
2593,0.45125,0.03555
2594,0.5995,0.6034
2595,0.9971,1.0
2596,0.0801,1.0
2597,0.09965,0.06685
2598,0.7573,0.51885
2599,0.4925,0.999
2600,0.0952,0.99815
2601,0.0234,0.0
2602,0.37055,0.0
2603,0.23115,0.5
2604,0.06055,0.05995
2605,0.71785,1.0
2606,0.2385,1.0
2607,0.2108,0.0
2608,0.01305,5.0e-5
2609,0.30425,0.03515
2610,0.25695,0.98065
2611,0.4151,0.9597
2612,0.7864,0.94325
2613,0.129,0.0402
2614,0.95175,0.8156
2615,0.47235,0.05225
2616,0.31945,0.0
2617,0.39375,0.51605
2618,0.79355,0.03645
2619,0.51095,0.34035
2620,0.0046,0.00565
2621,0.27,0.81265
2622,0.6842,0.25025
2623,0.1725,0.98785
2624,0.9063,0.2713
2625,0.82225,0.0
2626,0.54125,0.22545
2627,0.6764,0.973
2628,0.80335,0.0
2629,0.4527,0.0035
2630,0.85835,1.0
2631,0.1603,0.0
2632,0.7402,0.0
2633,0.0692,0.0
2634,0.113,0.0
2635,0.36515,0.0
2636,0.7122,0.76855
2637,0.72255,0.8372
2638,0.5795,0.04885
2639,0.7551,5.0e-5
2640,0.05935,0.3312
2641,0.7245,0.55405
2642,0.9574,1.0
2643,0.8894,0.94695
2644,0.0125,0.0
2645,0.56585,0.0
2646,0.109,1.0
2647,0.7866,0.25
2648,0.5684,0.21985
2649,0.0415,0.00525
2650,0.73,0.0
2651,0.51685,0.5
2652,0.65165,0.00675
2653,0.8833,0.45555
2654,0.72305,0.0
2655,0.0703,0.0
2656,0.24855,1.0
2657,0.65315,1.0
2658,0.15615,0.0191
2659,0.40355,0.25
2660,0.36205,0.0005
2661,0.41925,0.6792
2662,0.60695,0.33875
2663,0.67725,0.7878
2664,0.54805,0.6842
2665,0.5421,0.66445
2666,0.9308,1.0
2667,0.1136,0.0
2668,0.57605,0.5
2669,0.4637,0.49255
2670,0.1767,0.0
2671,0.3961,0.0322
2672,0.55525,0.27235
2673,0.1035,0.7732
2674,0.62995,0.9297
2675,0.33255,0.1419
2676,0.45775,0.1732
2677,0.4686,0.0209
2678,0.5845,0.00015
2679,0.3269,0.0
2680,0.69015,0.6602
2681,0.7305,0.85635
2682,0.75715,0.48765
2683,0.3249,0.0
2684,0.3048,0.0006
2685,0.1429,0.0
2686,0.20865,0.0
2687,0.5739,0.184
2688,0.10285,0.0
2689,0.72935,0.63425
2690,0.41615,0.0
2691,0.1837,0.00395
2692,0.26845,0.5
2693,0.3387,0.25
2694,0.88135,0.3724
2695,0.6289,0.0
2696,0.2817,0.0
2697,0.34465,0.66255
2698,0.2567,0.23555
2699,0.61445,0.3603
2700,0.6873,0.0
2701,0.6351,1.0
2702,0.8551,0.99925
2703,0.074,0.0
2704,0.6525,0.40125
2705,0.2475,0.2677
2706,0.52565,0.98785
2707,0.80455,0.30845
2708,0.37265,0.00645
2709,0.5722,0.97345
2710,0.13075,0.1339
2711,0.2355,0.48435
2712,0.67305,0.9524
2713,0.45195,1.0
2714,0.10865,0.63965
2715,0.391,0.9194
2716,0.3233,0.25
2717,0.1445,0.29605
2718,0.3078,1.0
2719,0.2512,0.0
2720,0.6027,0.9075
2721,0.33655,0.78975
2722,0.8288,0.0799
2723,0.9055,0.0
2724,0.24285,0.17555
2725,0.43255,0.7163
2726,0.2657,0.35215
2727,0.74375,1.0
2728,0.3064,1.0
2729,0.28135,0.0008
2730,0.2381,0.41795
2731,0.05055,0.2181
2732,0.6865,0.95295
2733,0.7026,0.3937
2734,0.20575,0.0001
2735,0.2085,0.0
2736,0.0884,0.7506
2737,0.8975,0.74545
2738,0.92885,1.0
2739,0.45045,0.0
2740,0.0707,0.0
2741,0.0123,0.0
2742,0.1986,0.0
2743,0.1372,0.0
2744,0.84765,0.96575
2745,0.3719,0.0
2746,0.63705,0.90665
2747,0.7556,1.0
2748,0.3599,0.1617
2749,0.1509,0.9919
2750,0.66545,0.0
2751,0.1195,0.80515
2752,0.87255,0.52275
2753,0.0127,0.0
2754,0.82085,0.25
2755,0.1425,0.0
2756,0.4429,0.03435
2757,0.3598,0.07915
2758,0.85615,0.8973
2759,0.18665,0.24055
2760,0.16865,0.0
2761,0.11475,0.0
2762,0.8128,0.0
2763,0.48145,0.90305
2764,0.0386,0.0
2765,0.1608,0.001
2766,0.4768,0.51395
2767,0.0775,0.0
2768,0.4251,0.30355
2769,0.48535,0.25
2770,0.38375,0.25
2771,0.2876,1.0
2772,0.19445,0.0
2773,0.1485,0.07525
2774,0.032,0.0
2775,0.43795,0.99995
2776,0.0937,0.0
2777,0.6698,0.0
2778,0.4836,0.00225
2779,0.81815,0.9833
2780,0.5517,0.70685
2781,0.07165,0.75
2782,0.2374,0.5904
2783,0.7259,0.9992
2784,0.136,0.0
2785,0.6573,0.0008
2786,0.6666,0.5
2787,0.8527,0.2731
2788,0.29275,5.0e-5
2789,0.52285,0.0
2790,0.3494,0.31
2791,0.27275,0.9825
2792,0.7789,0.99945
2793,0.25075,0.0
2794,0.13605,0.0055
2795,0.35245,0.0372
2796,0.8576,0.0
2797,0.1091,0.60815
2798,0.2728,0.0
2799,0.30115,0.00285
2800,0.99245,1.0
2801,0.41675,1.0
2802,0.6836,0.2236
2803,0.70695,0.68525
2804,0.2361,0.7461
2805,0.43165,0.0018
2806,0.7296,0.0
2807,0.0753,0.85655
2808,0.95495,0.5
2809,0.256,0.0
2810,0.0317,0.0
2811,0.1612,0.0423
2812,0.49195,0.02205
2813,0.25625,0.71475
2814,0.6214,0.5
2815,0.8112,0.25
2816,0.39005,0.109
2817,0.32395,0.2501
2818,0.81215,0.7831
2819,0.0526,0.0
2820,0.0517,0.00655
2821,0.7552,1.0
2822,0.0628,0.0007
2823,0.4025,0.0
2824,0.1178,0.1074
2825,0.0662,0.0
2826,0.56055,0.18455
2827,0.29555,0.25
2828,0.5805,0.07165
2829,0.6615,0.99955
2830,0.32485,0.01555
2831,0.43195,0.947
2832,0.69615,0.0
2833,0.01995,0.95285
2834,0.3523,1.0
2835,0.3108,0.0
2836,0.2254,0.0
2837,0.3414,0.8966
2838,0.4111,0.3406
2839,0.74385,0.0
2840,0.18175,0.25
2841,0.53335,0.0
2842,0.31015,0.77035
2843,0.51715,0.4194
2844,0.2203,0.58405
2845,0.2437,0.0
2846,0.2414,0.0
2847,0.36695,0.07275
2848,0.3138,0.01015
2849,0.7773,0.6679
2850,0.2899,0.0
2851,0.2433,0.00455
2852,0.017,0.0
2853,0.81235,0.94325
2854,0.5024,0.0
2855,0.59665,0.0072
2856,0.6144,0.36855
2857,0.42525,0.25
2858,0.5541,0.9367
2859,0.94465,0.0
2860,0.41355,0.5439
2861,0.56385,0.77615
2862,0.63355,0.0
2863,0.0411,0.00065
2864,0.37485,0.05455
2865,0.73565,0.9237
2866,0.1109,0.5682
2867,0.78515,0.0
2868,0.07555,0.25
2869,0.37265,0.01695
2870,0.20925,0.61845
2871,0.4453,0.9469
2872,0.6171,0.00015
2873,0.1383,1.0
2874,0.2924,0.32735
2875,0.05665,0.2289
2876,0.78805,0.27345
2877,0.6695,0.0
2878,0.3938,0.0
2879,0.3159,0.25
2880,0.19695,0.26995
2881,0.64745,0.0
2882,0.23225,1.0
2883,0.7088,0.0
2884,0.044,0.4464
2885,0.57385,0.98445
2886,0.398,0.46355
2887,0.61565,0.83305
2888,0.75535,0.29275
2889,0.6037,1.0
2890,0.14415,0.0
2891,0.94415,0.66755
2892,0.37905,0.0053
2893,0.1139,0.00325
2894,0.3533,0.3321
2895,0.0599,0.0
2896,0.62725,0.0
2897,0.33365,1.0
2898,0.108,0.0
2899,0.6055,0.0
2900,0.71165,0.0
2901,0.17225,0.0
2902,0.57905,0.0696
2903,0.3658,0.7206
2904,0.2845,0.0
2905,0.01725,5.0e-5
2906,0.61035,0.4534
2907,0.87325,1.0
2908,0.03525,0.05345
2909,0.2373,0.0001
2910,0.2003,0.00335
2911,0.0289,0.26575
2912,0.5819,0.2742
2913,0.2148,0.187
2914,0.54945,0.53925
2915,0.41025,0.97
2916,0.0358,0.76325
2917,0.6963,0.9991
2918,0.0361,0.0
2919,0.64455,0.01375
2920,0.72605,0.25
2921,0.34465,0.9653
2922,0.81925,0.0
2923,0.82705,0.0
2924,0.4564,0.25
2925,0.22385,0.0
2926,0.23225,0.857
2927,0.58905,0.9461
2928,0.6659,0.50425
2929,0.1826,0.0
2930,0.08765,0.3506
2931,0.91975,0.0
2932,0.5542,0.0
2933,0.36865,0.4306
2934,0.17515,0.0
2935,0.61345,0.8754
2936,0.4739,0.5
2937,0.0868,0.54465
2938,0.20795,0.3838
2939,0.5761,0.0
2940,0.31715,0.99905
2941,0.6517,0.0
2942,0.9674,0.8225
2943,0.7409,0.01935
2944,0.01025,0.0
2945,0.0985,0.05715
2946,0.0248,0.0
2947,0.78655,0.94555
2948,0.1368,0.0
2949,0.7467,0.6979
2950,0.0687,0.0
2951,0.7317,0.0
2952,0.65985,0.25
2953,0.8711,0.71395
2954,0.76365,0.2595
2955,0.3903,0.35945
2956,0.8356,0.4316
2957,0.60565,0.5
2958,0.62855,0.0
2959,0.04825,0.22845
2960,0.80205,0.72775
2961,0.14085,0.22545
2962,0.6688,0.0
2963,0.2231,0.0005
2964,0.05805,0.0
2965,0.7354,0.059
2966,0.9575,0.16195
2967,0.1829,0.0
2968,0.2066,0.0
2969,0.42685,0.0
2970,0.2073,0.99385
2971,0.2858,0.296
2972,0.9109,0.1152
2973,0.652,0.86995
2974,0.46365,0.0092
2975,0.8789,0.79665
2976,0.9226,0.00285
2977,0.92865,0.0377
2978,0.9524,0.0017
2979,0.62835,0.957
2980,0.84985,0.98995
2981,0.621,0.0
2982,0.6904,0.0
2983,0.60645,0.40285
2984,0.9211,1.0
2985,0.0742,0.26755
2986,0.77315,0.1633
2987,0.2881,0.0
2988,0.5522,0.4062
2989,0.532,0.0
2990,0.73445,0.2842
2991,0.32535,0.01535
2992,0.39085,0.70065
2993,0.24845,0.21975
2994,0.5945,0.2469
2995,0.1153,0.21415
2996,0.0423,1.0
2997,0.061,0.5859
2998,0.62465,0.311
2999,0.8072,0.9643
3000,0.56785,0.0
3001,0.3557,0.77165
3002,0.5574,0.0
3003,0.5066,0.02745
3004,0.6555,0.8222
3005,0.7723,0.0
3006,0.8172,0.99715
3007,0.34325,0.68545
3008,0.87535,0.0
3009,0.0323,0.0
3010,0.7737,0.2004
3011,0.34155,0.0
3012,0.14635,0.0001
3013,0.62185,0.465
3014,0.81765,0.0092
3015,0.56555,1.0
3016,0.88825,0.94505
3017,0.51395,0.0
3018,0.21345,0.0
3019,0.8932,0.6461
3020,0.96085,0.52425
3021,0.80825,0.4468
3022,0.3612,0.00055
3023,0.15525,1.0
3024,0.6334,0.5
3025,0.8639,0.5
3026,0.1532,0.0001
3027,0.37175,1.0
3028,0.37145,0.5
3029,0.1788,0.0
3030,0.6223,0.25
3031,0.2043,0.25
3032,0.6823,0.9953
3033,0.9113,0.96415
3034,0.6598,0.8438
3035,0.31885,0.0
3036,0.8231,0.0581
3037,0.66485,0.0
3038,0.1592,0.31215
3039,0.17185,0.0
3040,0.0376,0.6151
3041,0.75275,0.0
3042,0.1914,0.94925
3043,0.8656,0.5727
3044,0.80045,0.458
3045,0.92955,0.953
3046,0.6134,0.9373
3047,0.006,0.95775
3048,0.39775,0.0
3049,0.4008,0.999
3050,0.7789,1.0
3051,0.3514,0.0
3052,0.67895,0.8589
3053,0.2737,0.0
3054,0.9874,0.0
3055,0.1458,0.0
3056,0.8077,0.0087
3057,0.3981,0.93375
3058,0.29645,0.8168
3059,0.0596,0.0
3060,0.79,0.9968
3061,0.16665,0.75
3062,0.41985,0.54735
3063,0.63425,0.25
3064,0.7203,0.4879
3065,0.693,0.5
3066,0.83085,0.00935
3067,0.7807,0.7128
3068,0.69095,0.5607
3069,0.0094,0.0
3070,0.86465,1.0
3071,0.44525,0.36365
3072,0.5198,0.0
3073,0.3547,0.3991
3074,0.3462,0.0
3075,0.21205,0.25
3076,0.3156,0.7578
3077,0.95595,0.10075
3078,0.34705,0.29265
3079,0.55,0.934
3080,0.7354,0.49835
3081,0.70955,0.0
3082,0.0257,0.0
3083,0.16245,0.0
3084,0.89435,0.99425
3085,0.9174,0.9941
3086,0.4833,0.2322
3087,0.24755,0.5
3088,0.83805,1.0
3089,0.62815,0.1865
3090,0.9917,1.0
3091,0.3436,0.21095
3092,0.49775,0.02965
3093,0.57635,0.3765
3094,0.8392,0.0203
3095,0.19825,0.63725
3096,0.3867,0.75
3097,0.37245,0.6478
3098,0.7206,1.0
3099,0.56255,0.33315
3100,0.32905,0.0173
3101,0.26595,0.6271
3102,0.57395,0.0
3103,0.6459,0.0
3104,0.85775,0.81515
3105,0.07965,0.17675
3106,0.5704,0.01225
3107,0.2141,0.9938
3108,0.34225,0.0165
3109,0.2898,0.0
3110,0.7948,0.00165
3111,0.66115,0.75
3112,0.25345,0.0
3113,0.67245,0.0
3114,0.53415,0.0
3115,0.23505,0.0
3116,0.73425,0.139
3117,0.2055,0.0712
3118,0.9272,0.2824
3119,0.3607,0.6631
3120,0.9737,1.0
3121,0.3837,0.00075
3122,0.0746,0.00305
3123,0.2223,0.33055
3124,0.46165,0.0
3125,0.7261,0.00995
3126,0.22085,0.66245
3127,0.09425,0.0
3128,0.696,0.67675
3129,0.77145,0.13445
3130,0.8344,0.0
3131,0.85725,0.9758
3132,0.097,0.4025
3133,0.2985,0.0
3134,0.34255,0.0014
3135,0.71425,0.763
3136,0.8478,0.2599
3137,0.1817,0.005
3138,0.067,0.11005
3139,0.3195,0.0
3140,0.25505,0.0
3141,0.115,0.0
3142,0.43415,0.6011
3143,0.16545,0.36725
3144,0.2841,0.0
3145,0.62635,0.1056
3146,0.3546,0.9863
3147,0.0956,0.0
3148,0.8179,0.9999
3149,0.1604,0.0
3150,0.34965,0.7394
3151,0.4916,1.0
3152,0.50275,1.0
3153,0.48175,0.00035
3154,0.44655,0.00215
3155,0.14065,1.0
3156,0.23155,0.3903
3157,0.51265,0.0
3158,0.15735,0.0
3159,0.89175,0.8972
3160,0.6603,0.96655
3161,0.57085,0.22435
3162,0.29315,0.0947
3163,0.9895,0.9986
3164,0.5524,0.5
3165,0.05645,0.05315
3166,0.02685,0.25
3167,0.29065,0.0
3168,0.96895,0.8929
3169,0.0049,0.0
3170,0.24375,0.0
3171,0.62825,0.0
3172,0.0628,0.0
3173,0.5525,0.62575
3174,0.643,1.0
3175,0.84885,0.24965
3176,0.69415,0.0
3177,0.09105,1.0
3178,0.10065,0.0
3179,0.8556,0.0
3180,0.3502,0.0
3181,0.06245,0.0
3182,0.276,0.45635
3183,0.5613,0.85265
3184,0.56265,0.0172
3185,0.2686,0.0
3186,0.7839,1.0
3187,0.0113,0.0
3188,0.2795,5.0e-5
3189,0.37705,0.0
3190,0.1219,0.0
3191,0.5325,0.13285
3192,0.1238,0.25
3193,0.09495,0.0023
3194,0.80765,0.42025
3195,0.49835,0.00585
3196,0.6702,0.0
3197,0.52935,0.0
3198,0.87005,0.75
3199,0.7461,0.8754
3200,0.4112,0.0
3201,0.25925,0.0
3202,0.42385,0.25
3203,0.4633,0.32225
3204,0.85305,0.75
3205,0.2226,0.2289
3206,0.7622,0.0
3207,0.2721,0.0
3208,0.6521,0.0
3209,0.5562,0.0165
3210,0.1231,0.0
3211,0.1913,0.0391
3212,0.7476,0.0
3213,0.838,1.0
3214,0.1039,0.3592
3215,0.9899,1.0
3216,0.225,0.5
3217,0.01955,0.0189
3218,0.08055,0.60325
3219,0.37835,0.9398
3220,0.43855,0.4579
3221,0.66295,0.62865
3222,0.3352,0.98145
3223,0.3587,0.25
3224,0.2154,0.9132
3225,0.97195,0.50135
3226,0.62205,0.0
3227,0.3515,0.0
3228,0.4089,0.99865
3229,0.6252,0.0
3230,0.66725,1.0
3231,0.8189,0.0
3232,0.1593,0.0
3233,0.92945,1.0
3234,0.2725,0.5841
3235,0.62195,0.9331
3236,0.27665,0.5551
3237,0.65115,0.03995
3238,0.9957,0.0
3239,0.0509,0.0
3240,0.21485,1.0
3241,0.1951,1.0
3242,0.4899,0.32875
3243,0.5823,0.9631
3244,0.991,1.0
3245,0.0779,0.04055
3246,0.86255,0.75075
3247,0.36055,0.39245
3248,0.6266,0.0
3249,0.54325,0.0
3250,0.3505,0.0
3251,0.69785,1.0
3252,0.316,0.0
3253,0.77505,0.99925
3254,0.01815,0.03425
3255,0.4294,1.0
3256,0.2741,0.75
3257,0.7502,0.9999
3258,0.5044,0.9317
3259,0.41915,0.0
3260,0.8742,1.0
3261,0.2494,0.998
3262,0.4458,0.00095
3263,0.6827,0.0
3264,0.82535,0.039
3265,0.2632,0.58115
3266,0.5672,0.7053
3267,0.5062,0.9676
3268,0.23255,0.25
3269,0.4291,0.58865
3270,0.94675,0.0322
3271,0.6796,0.02235
3272,0.24715,0.2267
3273,0.3779,0.0
3274,0.10385,0.0
3275,0.03745,0.0
3276,0.77885,1.0
3277,0.68305,0.03995
3278,0.3227,0.09655
3279,0.44845,0.03215
3280,0.3611,0.0
3281,0.86115,0.00015
3282,0.7232,0.0
3283,0.74165,0.82565
3284,0.0959,0.05965
3285,0.1763,0.0001
3286,0.28475,0.0
3287,0.24685,0.25
3288,0.73475,1.0
3289,0.71955,0.00035
3290,0.56955,0.81145
3291,0.3696,0.18365
3292,0.12215,0.4213
3293,0.5004,0.0
3294,0.7875,0.4365
3295,0.5174,0.0
3296,0.2578,0.0
3297,0.4683,0.1207
3298,0.9188,0.71635
3299,0.4759,0.67825
3300,0.3212,0.7327
3301,0.4243,0.03905
3302,0.22845,0.82275
3303,0.7025,0.0
3304,0.37685,0.291
3305,0.48635,0.54295
3306,0.49995,0.0435
3307,0.38135,0.25
3308,0.1058,0.0
3309,0.15395,0.0
3310,0.55635,1.0
3311,0.0328,0.0
3312,0.52065,0.70335
3313,0.1762,0.00915
3314,0.2303,5.0e-5
3315,0.6636,0.9713
3316,0.63995,0.3111
3317,0.151,0.5028
3318,0.10965,0.0
3319,0.7683,1.0
3320,0.01925,0.0
3321,0.73015,0.25
3322,0.2603,0.38475
3323,0.62085,0.99485
3324,0.6653,0.5163
3325,0.08115,0.36475
3326,0.55625,5.0e-5
3327,0.83195,0.05205
3328,0.1426,0.1549
3329,0.57785,0.49205
3330,0.3734,0.28085
3331,0.04145,0.25
3332,0.13575,0.08455
3333,0.29715,0.0
3334,0.77485,0.22995
3335,0.44225,0.4815
3336,0.3722,0.0
3337,0.59025,0.0
3338,0.7798,0.85795
3339,0.0171,0.59925
3340,0.54085,1.0
3341,0.40705,0.0023
3342,0.6632,1.0
3343,0.655,0.0086
3344,0.3674,0.0
3345,0.13795,0.0
3346,0.16405,0.0
3347,0.6594,0.0
3348,0.3714,0.0
3349,0.5545,0.01555
3350,0.5003,0.15235
3351,0.5128,0.02695
3352,0.322,0.0
3353,0.1523,0.99945
3354,0.8614,0.0
3355,0.6147,0.9528
3356,0.6887,1.0
3357,0.68535,0.7542
3358,0.10555,0.0
3359,0.5995,0.0
3360,0.902,0.25
3361,0.5834,0.0
3362,0.6035,1.0
3363,0.3611,0.69075
3364,0.4922,0.0
3365,0.2179,0.0
3366,0.2743,0.0
3367,0.8321,0.0
3368,0.1604,0.7522
3369,0.1103,0.0289
3370,0.8067,0.24075
3371,0.34055,0.60155
3372,0.1486,0.0
3373,0.4467,0.0
3374,0.89255,0.00585
3375,0.5953,0.0
3376,0.40665,0.17865
3377,0.54735,0.8564
3378,0.44585,0.75
3379,0.7841,0.2193
3380,0.4168,0.99175
3381,0.19755,0.8373
3382,0.97095,0.32275
3383,0.6415,0.12565
3384,0.90345,0.0
3385,0.5863,0.9912
3386,0.0663,5.0e-5
3387,0.50705,1.0
3388,0.35195,1.0
3389,0.6497,0.9676
3390,0.7445,0.99215
3391,0.8969,0.0014
3392,0.59895,0.0
3393,0.5266,0.75
3394,0.39945,0.0
3395,0.7341,0.0
3396,0.55715,0.88435
3397,0.4992,0.0
3398,0.30875,0.3637
3399,0.57475,0.00125
3400,0.5658,1.0
3401,0.42725,0.3126
3402,0.05405,0.0
3403,0.69575,0.3275
3404,0.7527,0.8134
3405,0.3435,0.4929
3406,0.86175,0.0463
3407,0.26045,0.0
3408,0.4609,0.90605
3409,0.2972,0.38505
3410,0.3917,0.677
3411,0.0872,0.0
3412,0.455,0.00385
3413,0.51375,0.0069
3414,0.60735,0.0
3415,0.12175,0.0
3416,0.5646,1.0
3417,0.79905,0.25125
3418,0.5683,0.8831
3419,0.35415,0.0
3420,0.68155,0.30125
3421,0.84195,0.74
3422,0.72405,0.53035
3423,0.5183,0.5581
3424,0.4462,0.01595
3425,0.3975,0.9912
3426,0.02965,0.0
3427,0.94345,0.0815
3428,0.63925,0.07755
3429,0.33095,0.0
3430,0.28045,0.00815
3431,0.508,0.25
3432,0.25485,0.9214
3433,0.87045,0.15855
3434,0.4443,0.99995
3435,0.52085,0.02965
3436,0.17,0.45185
3437,0.5889,0.32905
3438,0.87855,0.458
3439,0.3987,1.0
3440,0.4391,0.05325
3441,0.0384,0.0
3442,0.72325,0.5441
3443,0.63585,0.98195
3444,0.67085,0.78445
3445,0.3261,0.0
3446,0.46485,0.0
3447,0.73235,0.158
3448,0.26245,0.4344
3449,0.1915,1.0
3450,0.6774,0.6223
3451,0.02215,0.0
3452,0.1856,0.7448
3453,0.8068,0.00025
3454,0.217,0.0009
3455,0.28755,0.0053
3456,0.34185,0.0
3457,0.4306,0.0
3458,0.35895,0.74075
3459,0.71385,0.9741
3460,0.87915,0.60025
3461,0.8081,0.99825
3462,0.6163,5.0e-5
3463,0.64685,0.17075
3464,0.26015,0.67115
3465,0.1654,0.30385
3466,0.79065,0.25
3467,0.0246,0.0
3468,0.7527,0.5
3469,0.9343,0.9283
3470,0.62435,0.0
3471,0.85485,0.0
3472,0.9743,0.25
3473,0.70785,0.0
3474,0.398,0.0
3475,0.589,0.98335
3476,0.94865,0.96785
3477,0.8611,0.0
3478,0.77175,0.8103
3479,0.7954,0.0
3480,0.6982,1.0
3481,0.79345,0.9996
3482,0.4137,0.08705
3483,0.44465,0.7957
3484,0.7259,0.5
3485,0.88925,0.04255
3486,0.26965,0.0
3487,0.4831,0.2129
3488,0.3625,0.0
3489,0.0586,0.25
3490,0.5151,0.0
3491,0.6509,0.57075
3492,0.93405,1.0
3493,0.30635,0.44135
3494,0.51595,1.0
3495,0.53755,0.57325
3496,0.27775,0.5842
3497,0.6704,0.00605
3498,0.90785,1.0
3499,0.30525,0.0
3500,0.8707,0.90425
3501,0.4244,0.0233
3502,0.6781,0.0
3503,0.6048,1.0
3504,0.19795,0.5
3505,0.00955,0.25
3506,0.24225,0.1318
3507,0.92705,0.0
3508,0.0573,0.25
3509,0.5822,0.0126
3510,0.7923,0.99985
3511,0.17305,0.47335
3512,0.1969,0.0117
3513,0.8013,0.0437
3514,0.63775,0.7017
3515,0.7871,0.8892
3516,0.2332,0.25
3517,0.95375,0.00355
3518,0.2774,0.0
3519,0.4394,0.2762
3520,0.33305,0.25
3521,0.2449,0.25
3522,0.57255,1.0
3523,0.97065,0.9897
3524,0.1272,1.0
3525,0.6291,0.0224
3526,0.67245,0.15615
3527,0.063,0.0
3528,0.766,0.0004
3529,0.40465,0.0
3530,0.2781,0.0
3531,0.3706,0.5933
3532,0.4656,0.0
3533,0.3767,1.0
3534,0.10635,0.0
3535,0.4216,0.0
3536,0.02025,0.46345
3537,0.0737,0.0
3538,0.76235,0.2285
3539,0.56545,1.0
3540,0.90485,0.0
3541,0.7419,0.0
3542,0.24405,0.0
3543,0.89145,1.0
3544,0.42045,0.0
3545,0.2215,0.73285
3546,0.30605,0.7027
3547,0.0438,0.3439
3548,0.84915,0.0264
3549,0.78945,0.91405
3550,0.50735,0.4896
3551,0.32,0.0
3552,0.55965,0.0
3553,0.6928,0.8724
3554,0.85895,1.0
3555,0.6802,0.0
3556,0.60285,0.0
3557,0.6431,0.0
3558,0.83595,0.5913
3559,0.54275,1.0
3560,0.41865,0.0
3561,0.37725,0.7523
3562,0.39175,0.00035
3563,0.0,0.0
3564,0.2054,0.95325
3565,0.6325,0.99985
3566,0.1039,0.25
3567,0.2099,0.0
3568,0.163,0.0
3569,0.5771,0.25785
3570,0.66545,0.59255
3571,0.8121,0.22725
3572,0.64385,0.6267
3573,0.4465,0.63415
3574,0.8048,0.0
3575,0.1414,0.0
3576,0.81095,0.5914
3577,0.2448,0.0
3578,0.808,0.1434
3579,0.59065,0.0
3580,0.8868,5.0e-5
3581,0.2656,0.25
3582,0.14865,0.0
3583,0.39345,0.89315
3584,0.38485,0.25
3585,0.40875,0.201
3586,0.70925,0.0004
3587,0.1732,0.0
3588,0.977,0.28465
3589,0.22515,0.0
3590,0.04825,0.0
3591,0.44135,0.9125
3592,0.54725,0.99385
3593,0.0854,0.029
3594,0.661,0.0181
3595,0.38195,0.25
3596,0.5517,0.40705
3597,0.59345,0.9992
3598,0.41735,0.9999
3599,0.0549,0.0
3600,0.24285,1.0
3601,0.5316,0.5838
3602,0.5981,0.3424
3603,0.2298,0.0
3604,0.0003,0.0
3605,0.21565,0.6736
3606,0.2522,0.0
3607,0.52865,0.20545
3608,0.3728,0.0369
3609,0.17555,1.0
3610,0.15335,0.84035
3611,0.5049,1.0
3612,0.53125,0.4182
3613,0.52645,0.0
3614,0.3063,0.4169
3615,0.3965,0.3636
3616,0.3951,0.0
3617,0.2253,0.56225
3618,0.97775,0.0
3619,0.3877,0.5
3620,0.7921,1.0
3621,0.7331,0.22305
3622,0.6323,1.0
3623,0.1034,0.3419
3624,0.9967,1.0
3625,0.1657,0.805
3626,0.9405,0.2226
3627,0.02575,0.0
3628,0.99865,0.0
3629,0.1071,0.092
3630,0.0108,0.6652
3631,0.5158,0.0
3632,0.7803,0.48925
3633,0.4927,0.2608
3634,0.59855,1.0
3635,0.851,0.0
3636,0.3538,0.73475
3637,0.36895,0.0
3638,0.0598,0.25
3639,0.1689,5.0e-5
3640,0.66215,0.78115
3641,0.2013,0.64065
3642,0.4109,0.75
3643,0.15195,0.0
3644,0.0289,0.0
3645,0.18815,0.25
3646,0.8825,1.0
3647,0.42225,0.0
3648,0.5213,0.0
3649,0.86885,0.95585
3650,0.3713,0.0
3651,0.3293,0.33035
3652,0.6049,0.99395
3653,0.9565,0.91785
3654,0.7936,0.96655
3655,0.40585,0.32355
3656,0.7663,0.20035
3657,0.70815,0.0
3658,0.5384,0.9929
3659,0.4548,1.0
3660,0.02555,0.0
3661,0.62155,0.03875
3662,0.83025,0.2229
3663,0.543,0.25
3664,0.9909,0.0
3665,0.06285,0.0
3666,0.23605,0.5
3667,0.7183,1.0
3668,0.1245,0.98565
3669,0.53,0.01
3670,0.15755,0.0703
3671,0.57965,0.0
3672,0.5241,0.283
3673,0.44695,0.38745
3674,0.19525,0.1082
3675,0.49145,0.21205
3676,0.1484,0.1073
3677,0.05605,0.3855
3678,0.86215,1.0
3679,0.65095,0.7115
3680,0.34575,0.89115
3681,0.5532,0.282
3682,0.88885,0.25
3683,0.2221,5.0e-5
3684,0.1586,0.0
3685,0.41345,0.25
3686,0.9035,0.99995
3687,0.06435,0.0
3688,0.14735,0.2818
3689,0.93395,0.00635
3690,0.2847,0.68935
3691,0.1748,0.0
3692,0.84655,0.0
3693,0.69375,0.05275
3694,0.23775,0.25
3695,0.4263,0.90275
3696,0.2849,0.9614
3697,0.1599,0.0
3698,0.56955,0.9929
3699,0.65025,0.1809
3700,0.66535,0.98705
3701,0.85885,0.617
3702,0.97215,0.71115
3703,0.29665,0.8158
3704,0.3403,0.0009
3705,0.07435,0.0
3706,0.42285,0.1123
3707,0.5364,0.0016
3708,0.6198,0.8026
3709,0.199,0.0
3710,0.87765,0.0
3711,0.9164,0.3891
3712,0.22955,0.80955
3713,0.95435,1.0
3714,0.9838,0.90015
3715,0.09465,0.5204
3716,0.5093,0.17075
3717,0.45905,1.0
3718,0.3916,0.0
3719,0.2457,0.0
3720,0.44395,0.732
3721,0.7694,0.55355
3722,0.45715,0.3679
3723,0.18835,0.86225
3724,0.94365,0.6731
3725,0.13545,0.0
3726,0.6724,0.0
3727,0.78955,0.0
3728,0.2151,0.51415
3729,0.2352,0.6982
3730,0.39375,0.3573
3731,0.24175,0.0
3732,0.58615,0.0735
3733,0.68075,0.05055
3734,0.2745,0.5629
3735,0.8785,0.00365
3736,0.98685,0.0
3737,0.2323,0.00045
3738,0.4253,0.3001
3739,0.0886,0.0
3740,0.6081,0.7908
3741,0.59865,0.0255
3742,0.3553,0.0
3743,0.73535,0.99985
3744,0.5003,0.25
3745,0.45275,0.60445
3746,0.3099,0.00055
3747,0.31125,0.56225
3748,0.29395,0.0006
3749,0.5654,0.4038
3750,0.52135,0.9919
3751,0.2984,0.0
3752,0.99955,1.0
3753,0.15735,0.0
3754,0.4953,0.0
3755,0.7229,0.00775
3756,0.18225,0.9738
3757,0.1585,0.36925
3758,0.4316,1.0
3759,0.07,0.25
3760,0.81015,0.77025
3761,0.53745,0.99995
3762,0.59655,0.75
3763,0.2121,0.74875
3764,0.49915,0.1141
3765,0.2921,0.0
3766,0.01775,0.00035
3767,0.04645,0.23005
3768,0.75895,0.4805
3769,0.2916,1.0
3770,0.9198,0.0
3771,0.8393,0.9666
3772,0.0892,0.0002
3773,0.6043,0.3527
3774,0.921,0.00665
3775,0.3673,0.40885
3776,0.11375,0.32665
3777,0.339,0.0
3778,0.66415,0.0
3779,0.3151,0.5862
3780,0.72505,0.5949
3781,0.34005,0.0048
3782,0.26245,0.0551
3783,0.7702,0.8336
3784,0.98395,0.6446
3785,0.73345,0.86415
3786,0.3048,0.24695
3787,0.457,0.0
3788,0.7128,0.9884
3789,0.0122,0.1638
3790,0.2398,0.0
3791,0.66095,0.0
3792,0.18995,0.77065
3793,0.6461,1.0
3794,0.17765,0.5282
3795,0.60825,0.0009
3796,0.0842,0.0
3797,0.9836,0.0
3798,0.8581,0.00035
3799,0.13915,0.20335
3800,0.46235,0.5
3801,0.8786,1.0
3802,0.07165,0.023
3803,0.40945,0.0
3804,0.1617,0.28265
3805,0.38135,0.0
3806,0.96335,0.51835
3807,0.9598,0.0
3808,0.05155,0.0329
3809,0.0123,0.0982
3810,0.6068,0.6504
3811,0.2708,0.0092
3812,0.24655,0.36905
3813,0.81605,0.98925
3814,0.9929,1.0
3815,0.7448,0.0631
3816,0.89845,0.0
3817,0.29045,0.4251
3818,0.3411,0.0
3819,0.44965,1.0
3820,0.41915,0.00995
3821,0.1689,0.5082
3822,0.0765,0.6874
3823,0.2412,0.0009
3824,0.40425,0.3282
3825,0.1799,0.51825
3826,0.5309,0.01865
3827,0.6348,0.0071
3828,0.41315,0.5
3829,0.8159,0.7274
3830,0.33775,0.9514
3831,0.96865,0.60165
3832,0.7993,0.00455
3833,0.48845,0.99245
3834,0.12245,0.91075
3835,0.3248,0.0
3836,0.7307,0.81575
3837,0.78635,0.25
3838,0.54235,0.0
3839,0.84315,0.02855
3840,0.653,0.25
3841,0.1645,0.19105
3842,0.74805,0.1152
3843,0.76725,0.19775
3844,0.8207,0.76885
3845,0.70505,1.0
3846,0.5734,0.29245
3847,0.9124,1.0
3848,0.54945,0.0
3849,0.49285,0.68505
3850,0.5982,0.92195
3851,0.67475,0.0
3852,0.52935,0.0415
3853,0.02235,0.0
3854,0.21355,0.5
3855,0.7469,0.0
3856,0.37325,0.0
3857,0.20195,0.0
3858,0.0447,0.24285
3859,0.59625,0.003
3860,0.25625,0.0
3861,0.4884,0.5
3862,0.20835,0.74775
3863,0.252,0.0
3864,0.7216,0.9999
3865,0.5081,0.6189
3866,0.10445,0.0
3867,0.4342,0.25
3868,0.1044,0.0
3869,0.33925,0.05345
3870,0.286,0.85015
3871,0.3769,0.25
3872,0.37135,0.27755
3873,0.6933,0.0
3874,0.58515,0.8644
3875,0.32045,0.0
3876,0.10135,0.00055
3877,0.5918,0.55885
3878,0.6274,1.0
3879,0.2575,0.47735
3880,0.71715,0.9883
3881,0.7767,1.0
3882,0.37325,0.1398
3883,0.3944,0.00155
3884,0.3261,0.25
3885,0.40055,0.38475
3886,0.43875,0.73805
3887,0.02955,0.0
3888,0.26,0.0
3889,0.67065,0.0
3890,0.66255,0.078
3891,0.2374,0.0
3892,0.5894,5.0e-5
3893,0.4897,0.9991
3894,0.37365,0.0
3895,0.8274,1.0
3896,0.9347,0.0
3897,0.715,0.0
3898,0.42965,1.0
3899,0.2367,0.0
3900,0.3064,0.32235
3901,0.69695,0.2796
3902,0.4985,0.42535
3903,0.33505,0.0
3904,0.60945,0.58195
3905,0.9232,1.0
3906,0.00375,0.0055
3907,0.2863,0.54585
3908,0.7753,0.0
3909,0.209,0.72275
3910,0.6088,0.0
3911,0.34885,0.3462
3912,0.1171,0.0
3913,0.0078,0.0
3914,0.35275,0.0031
3915,0.1523,0.00035
3916,0.52265,0.0
3917,0.93,0.5031
3918,0.72965,1.0
3919,0.8944,0.9635
3920,0.5132,0.08645
3921,0.69055,0.2935
3922,0.2928,0.3601
3923,0.607,0.99735
3924,0.59775,0.0
3925,0.8018,0.15265
3926,0.45735,0.1666
3927,0.8431,0.16025
3928,0.1127,0.0
3929,0.475,0.812
3930,0.32715,0.75
3931,0.0094,0.5499
3932,0.60785,0.0
3933,0.1678,0.25115
3934,0.31155,0.9688
3935,0.37665,0.025
3936,0.04685,0.03315
3937,0.5936,0.09845
3938,0.8337,0.9995
3939,0.40005,1.0
3940,0.5789,0.99935
3941,0.9838,0.41415
3942,0.07065,0.05595
3943,0.3328,0.25
3944,0.3009,0.0
3945,0.11235,0.6508
3946,0.288,0.0412
3947,0.6371,0.0
3948,0.4597,0.5
3949,0.1291,0.46955
3950,0.49245,0.88195
3951,0.35225,0.36705
3952,0.6126,0.00295
3953,0.02735,0.0
3954,0.44,0.0
3955,0.31305,0.0
3956,0.2424,0.29335
3957,0.2507,0.09765
3958,0.0703,0.02985
3959,0.53085,0.997
3960,0.73255,1.0
3961,0.67955,0.0499
3962,0.4823,0.0
3963,0.53665,0.1319
3964,0.8037,1.0
3965,0.47725,0.5
3966,0.5823,0.0
3967,0.42765,0.5
3968,0.22845,0.0003
3969,0.706,1.0
3970,0.50995,0.41025
3971,0.3367,0.5982
3972,0.2758,0.99145
3973,0.5579,0.88755
3974,0.7095,0.00305
3975,0.40475,0.6855
3976,0.8649,0.37455
3977,0.74655,0.25
3978,0.5807,0.75065
3979,0.1145,0.9924
3980,0.8507,1.0
3981,0.8056,0.11485
3982,0.3365,0.70275
3983,0.5551,0.0
3984,0.81645,0.0083
3985,0.98665,0.0374
3986,0.37955,0.07475
3987,0.99365,0.92565
3988,0.8378,0.42735
3989,0.18625,0.0
3990,0.5204,0.86635
3991,0.7978,0.54535
3992,0.03575,0.0
3993,0.0058,0.0
3994,0.59115,0.001
3995,0.301,0.98645
3996,0.4769,0.3597
3997,0.41995,0.91195
3998,0.64405,0.9308
3999,0.06095,0.0
4000,0.6667,0.262
4001,0.74785,0.18565
4002,0.19175,0.0
4003,0.9998,1.0
4004,0.17825,0.0
4005,0.27755,0.032
4006,0.7357,0.9754
4007,0.02145,0.0
4008,0.3959,0.0113
4009,0.72525,0.0
4010,0.7867,0.0
4011,0.50305,0.0
4012,0.90925,0.0059
4013,0.5846,0.1691
4014,0.14545,0.05355
4015,0.00225,0.0
4016,0.0787,0.0561
4017,0.7288,0.5
4018,0.3893,0.8508
4019,0.37035,0.2456
4020,0.3534,0.0081
4021,0.42755,0.5184
4022,0.0394,0.66415
4023,0.4009,0.0
4024,0.4272,0.0
4025,0.1956,0.03455
4026,0.73115,0.90575
4027,0.0958,0.0
4028,0.87485,1.0
4029,0.32525,1.0
4030,0.1068,0.0
4031,0.58975,0.5891
4032,0.44675,0.5914
4033,0.67795,0.0
4034,0.52685,0.7721
4035,0.0132,0.0058
4036,0.57335,0.7487
4037,0.1336,0.0
4038,0.5443,0.9451
4039,0.1923,0.47175
4040,0.0886,0.0
4041,0.9875,1.0
4042,0.10125,0.04655
4043,0.82355,0.25
4044,0.15625,0.0
4045,0.44445,1.0
4046,0.52205,0.1226
4047,0.08565,0.00685
4048,0.5592,0.001
4049,0.80205,0.35385
4050,0.94665,0.0
4051,0.13125,0.05105
4052,0.6711,0.09565
4053,0.0358,0.25
4054,0.22365,0.08065
4055,0.1071,0.0
4056,0.88785,1.0
4057,0.1505,0.0
4058,0.62015,0.0
4059,0.0424,0.0
4060,0.7661,0.5126
4061,0.61445,0.0
4062,0.2448,0.187
4063,0.96535,0.9997
4064,0.28335,0.5
4065,0.15475,0.0
4066,0.26385,0.0
4067,0.42665,0.39235
4068,0.53735,0.4244
4069,0.4892,0.27365
4070,0.6156,0.6138
4071,0.17345,0.0655
4072,0.6085,0.0
4073,0.8066,0.0977
4074,0.59045,0.951
4075,0.14565,0.56235
4076,0.44275,0.26945
4077,0.8515,0.35485
4078,0.4308,0.0
4079,0.86085,0.0569
4080,0.3147,0.00235
4081,0.0309,0.41765
4082,0.81065,0.9992
4083,0.4155,0.52825
4084,0.24515,0.0
4085,0.8805,0.0088
4086,0.12395,0.2023
4087,0.85495,0.0005
4088,0.13605,0.8302
4089,0.0818,0.0
4090,0.8295,1.0
4091,0.761,0.99555
4092,0.82995,0.5458
4093,0.3146,0.0
4094,0.4806,0.8938
4095,0.69615,0.0308
4096,0.81775,0.14415
4097,0.07425,0.75
4098,0.05765,0.549
4099,0.51735,0.39215
4100,0.58685,0.6429
4101,0.0439,0.0
4102,0.3229,0.01225
4103,0.96135,0.52585
4104,0.5431,0.0
4105,0.25415,0.4539
4106,0.61585,0.50195
4107,0.34725,0.23695
4108,0.1273,0.0
4109,0.43115,0.688
4110,0.92245,0.25
4111,0.45465,0.99995
4112,0.5412,0.0
4113,0.75595,0.7397
4114,0.37415,0.278
4115,0.392,0.0
4116,0.30855,0.0
4117,0.20835,0.40725
4118,0.7844,1.0
4119,0.27405,0.243
4120,0.61155,0.9634
4121,0.82565,0.10135
4122,0.26,0.25
4123,0.75225,0.9998
4124,0.2533,0.62875
4125,0.0818,0.0
4126,0.37905,0.87635
4127,0.93375,0.6387
4128,0.6656,0.0
4129,0.11195,0.60495
4130,0.2768,0.06935
4131,0.5519,1.0
4132,0.19425,0.75935
4133,0.578,0.99565
4134,0.6428,0.0
4135,0.4602,0.5927
4136,0.40605,0.50105
4137,0.211,0.5517
4138,0.90615,0.996
4139,0.8757,1.0
4140,0.6696,0.0
4141,0.767,1.0
4142,0.4976,0.5
4143,0.8602,0.5818
4144,0.9832,1.0
4145,0.75825,1.0
4146,0.7342,0.74925
4147,0.3524,0.4566
4148,0.61925,0.1001
4149,0.1807,0.00015
4150,0.8975,1.0
4151,0.1432,0.54305
4152,0.49785,0.26485
4153,0.57045,0.0027
4154,0.72865,0.47015
4155,0.89325,0.00075
4156,0.82775,0.26435
4157,0.87625,0.28065
4158,0.44735,0.0
4159,0.5084,0.5349
4160,0.3429,0.28385
4161,0.2211,0.01585
4162,0.68985,0.0
4163,0.2691,0.5
4164,0.2557,1.0
4165,0.46565,0.3797
4166,0.10545,5.0e-5
4167,0.3821,0.0
4168,0.82125,0.4492
4169,0.1139,0.28195
4170,0.71925,0.05965
4171,0.038,0.69785
4172,0.13125,0.0
4173,0.0523,0.24525
4174,0.9546,0.36445
4175,0.27645,0.1549
4176,0.97655,1.0
4177,0.1202,0.5
4178,0.2873,0.3311
4179,0.50485,0.8688
4180,0.00115,0.065
4181,0.80795,0.6947
4182,0.1711,0.0012
4183,0.35015,0.0
4184,0.73335,0.9551
4185,0.6857,1.0
4186,0.7935,0.0006
4187,0.8199,0.6309
4188,0.1124,0.27085
4189,0.30585,0.9996
4190,0.3832,0.3213
4191,0.24185,0.25
4192,0.8672,0.0
4193,0.74795,0.00125
4194,0.84525,0.9405
4195,0.98285,0.66995
4196,0.9644,0.2502
4197,0.45465,0.57805
4198,0.6714,0.37575
4199,0.6202,1.0
4200,0.82625,0.99675
4201,0.206,0.0
4202,0.5083,0.24995
4203,0.3712,0.0102
4204,0.76715,0.4472
4205,0.2662,0.0
4206,0.34455,0.9836
4207,0.32925,0.04845
4208,0.19245,0.3115
4209,0.5858,0.067
4210,0.68705,0.0
4211,0.23075,0.25
4212,0.19975,0.0
4213,0.5894,0.0
4214,0.18215,0.0055
4215,0.1358,0.5
4216,0.4931,0.0
4217,0.2879,0.26165
4218,0.35845,0.2143
4219,0.18895,0.55755
4220,0.3034,0.99945
4221,0.43815,0.38905
4222,0.3084,0.94825
4223,0.3539,0.25
4224,0.8921,0.0
4225,0.7301,0.0003
4226,0.09675,0.0
4227,0.00315,0.0
4228,0.7074,0.2032
4229,0.36655,0.6313
4230,0.21225,0.00575
4231,0.4363,0.4882
4232,0.69345,1.0
4233,0.77055,0.0
4234,0.10685,0.0566
4235,0.4514,0.4227
4236,0.63475,0.31525
4237,0.3592,0.0
4238,0.4033,0.62865
4239,0.52125,0.6125
4240,0.86525,0.03035
4241,0.4162,0.4413
4242,0.2102,0.2712
4243,0.6933,0.25
4244,0.77225,1.0
4245,0.8837,1.0
4246,0.26555,0.0
4247,0.21215,0.0
4248,0.13325,0.00225
4249,0.41545,0.5186
4250,0.2243,0.03365
4251,0.08435,0.3292
4252,0.6295,0.0
4253,0.61475,0.0
4254,0.5883,1.0
4255,0.9702,0.98515
4256,0.24655,0.0
4257,0.8414,0.119
4258,0.0814,0.0001
4259,0.23495,1.0
4260,0.87985,0.057
4261,0.191,0.26355
4262,0.0975,0.1031
4263,0.0154,0.0
4264,0.0877,0.51135
4265,0.9973,1.0
4266,0.51265,1.0
4267,0.49215,0.17595
4268,0.32645,0.0021
4269,0.47165,0.0
4270,0.0687,0.93415
4271,0.3207,0.05755
4272,0.613,0.9998
4273,0.2299,1.0
4274,0.79045,0.5459
4275,0.65125,0.0
4276,0.00625,0.0
4277,0.57145,0.5
4278,0.9009,0.5191
4279,0.3559,0.03605
4280,0.8539,0.0
4281,0.24,0.25
4282,0.0667,0.0
4283,0.3243,0.0
4284,0.4159,0.66375
4285,0.27745,0.0
4286,0.1881,0.0
4287,0.60505,0.0
4288,0.9109,0.7268
4289,0.4095,0.0
4290,0.52035,0.0
4291,0.01485,0.0
4292,0.755,0.31
4293,0.0542,0.00015
4294,0.2729,0.89555
4295,0.1954,0.0
4296,0.372,0.5
4297,0.5634,0.0
4298,0.3178,0.99945
4299,0.6229,0.0
4300,0.21615,0.8695
4301,0.4282,0.067
4302,0.06415,0.0
4303,0.1421,0.9994
4304,0.5623,0.7497
4305,0.42035,5.0e-5
4306,0.40115,0.5
4307,0.26555,0.11495
4308,0.218,0.95545
4309,0.5985,0.3111
4310,0.31995,0.0001
4311,0.25905,0.0209
4312,0.14445,0.0
4313,0.29865,0.2816
4314,0.46045,0.0304
4315,0.97695,0.9976
4316,0.00905,0.0821
4317,0.6137,1.0
4318,0.82785,0.87985
4319,0.1472,0.0001
4320,0.85445,0.8698
4321,0.98185,1.0
4322,0.76745,0.1891
4323,0.47985,1.0
4324,0.2151,0.0
4325,0.35575,0.63155
4326,0.64835,1.0
4327,0.2873,0.16725
4328,0.61205,0.99975
4329,0.8994,0.7496
4330,0.3756,0.8027
4331,0.5333,0.0073
4332,0.68435,0.25
4333,0.48,0.25
4334,0.71325,0.0726
4335,0.4249,0.00045
4336,0.22625,0.0
4337,0.31145,0.0
4338,0.3096,0.00015
4339,0.38245,0.0
4340,0.91415,0.05995
4341,0.2443,0.9197
4342,0.41515,0.3212
4343,0.96325,0.25
4344,0.24675,0.0194
4345,0.4763,0.0
4346,0.31405,0.8751
4347,0.5329,0.0008
4348,0.26005,0.0
4349,0.78165,0.0
4350,0.40445,0.0042
4351,0.35445,0.0002
4352,0.5858,0.99385
4353,0.812,0.0
4354,0.5643,1.0
4355,0.351,0.90385
4356,0.39,0.0095
4357,0.35085,0.6016
4358,0.27685,0.0
4359,0.7444,0.0
4360,0.8476,0.38455
4361,0.28055,0.4445
4362,0.2816,0.0008
4363,0.51105,0.4725
4364,0.73355,0.21655
4365,0.4235,0.66615
4366,0.2043,0.01355
4367,0.3753,0.46175
4368,0.76675,0.46385
4369,0.4665,0.9892
4370,0.15185,0.9731
4371,0.96825,0.042
4372,0.7921,0.0
4373,0.40095,0.38215
4374,0.0832,0.36595
4375,0.26745,0.0
4376,0.3976,0.0
4377,0.18865,0.0
4378,0.55725,0.9903
4379,0.36535,0.0
4380,0.65125,0.10825
4381,0.4604,0.9641
4382,0.46915,0.0
4383,0.3727,0.25
4384,0.46155,0.4495
4385,0.33315,0.0
4386,0.44535,0.64025
4387,0.12135,0.3485
4388,0.8976,1.0
4389,0.4763,0.61575
4390,0.8648,0.55575
4391,0.57615,0.0
4392,0.33175,0.1284
4393,0.8916,0.9127
4394,0.9152,0.10085
4395,0.1865,0.0
4396,0.6062,0.9906
4397,0.299,0.29815
4398,0.617,1.0
4399,0.3924,0.0686
4400,0.7347,0.0002
4401,0.9184,0.97075
4402,0.66525,1.0
4403,0.1791,0.0
4404,0.20145,0.89185
4405,0.16375,1.0
4406,0.3323,0.0
4407,0.18605,0.2881
4408,0.4509,0.98455
4409,0.1273,0.2504
4410,0.0416,0.89195
4411,0.2987,0.8098
4412,0.6558,0.5
4413,0.43285,0.25515
4414,0.89745,0.61535
4415,0.95855,0.25
4416,0.87255,1.0
4417,0.68255,0.94905
4418,0.25205,0.38385
4419,0.8005,0.9338
4420,0.61645,0.6659
4421,0.23985,0.3407
4422,0.93585,0.9045
4423,0.75045,0.72265
4424,0.0176,0.00175
4425,0.30445,0.25
4426,0.6757,0.9999
4427,0.3355,0.0008
4428,0.1735,0.04035
4429,0.50645,0.0577
4430,0.1193,0.14375
4431,0.6907,0.05315
4432,0.2237,0.0
4433,0.67995,0.0805
4434,0.50635,0.0
4435,0.408,0.00145
4436,0.2091,0.691
4437,0.59405,0.0519
4438,0.2886,0.54015
4439,0.1346,0.37475
4440,0.48025,0.0
4441,0.48825,0.12015
4442,0.8049,1.0
4443,0.3967,0.00555
4444,0.13925,0.33005
4445,0.70895,0.0
4446,0.08245,0.0
4447,0.2187,0.43095
4448,0.03665,0.00045
4449,0.47995,0.03485
4450,0.6733,0.0
4451,0.5784,0.75
4452,0.66265,0.0
4453,0.2258,0.13535
4454,0.9851,0.5062
4455,0.44925,0.0505
4456,0.91,0.0
4457,0.8164,0.68055
4458,0.5796,1.0
4459,0.0219,0.39145
4460,0.52715,0.41965
4461,0.1169,0.0
4462,0.6561,0.25
4463,0.15655,0.2555
4464,0.3867,0.0
4465,0.2226,0.92865
4466,0.5548,1.0
4467,0.1039,0.2526
4468,0.91605,0.00045
4469,0.87595,0.18885
4470,0.92965,0.99865
4471,0.5049,5.0e-5
4472,0.30795,0.0
4473,0.32585,0.75005
4474,0.3341,0.659
4475,0.911,0.0
4476,0.61615,0.0
4477,0.61875,0.58645
4478,0.08935,0.0
4479,0.26165,0.8154
4480,0.3716,0.0
4481,0.9581,0.5113
4482,0.3479,0.92995
4483,0.74995,0.0
4484,0.5746,0.72425
4485,0.44295,0.19775
4486,0.97845,1.0
4487,0.0404,0.00645
4488,0.25,0.0
4489,0.4428,0.0534
4490,0.6518,0.99905
4491,0.02325,0.3778
4492,0.88045,1.0
4493,0.62275,0.2919
4494,0.8921,0.9888
4495,0.85765,0.9301
4496,0.08865,0.9168
4497,0.6393,1.0
4498,0.27,0.0
4499,0.4876,0.5
4500,0.0469,0.0
4501,0.61785,0.0427
4502,0.21145,0.0
4503,0.5035,0.2688
4504,0.43205,1.0
4505,0.546,0.0004
4506,0.84005,0.67735
4507,0.05925,0.0
4508,0.8079,0.14235
4509,0.38695,0.57875
4510,0.64305,0.0154
4511,0.17725,0.25
4512,0.5473,0.0
4513,0.07785,0.009
4514,0.32,0.16315
4515,0.9075,1.0
4516,0.31675,0.03545
4517,0.53755,0.97145
4518,0.4282,0.78375
4519,0.0545,0.0
4520,0.2645,0.5
4521,0.478,0.2615
4522,0.8631,0.33095
4523,0.41385,0.9596
4524,0.2622,0.0
4525,0.49725,0.7557
4526,0.76835,0.58785
4527,0.32825,0.6362
4528,0.45305,0.8063
4529,0.3693,0.0
4530,0.76625,0.75
4531,0.25505,0.0
4532,0.0687,0.77425
4533,0.7529,0.0003
4534,0.8673,1.0
4535,0.71255,0.67305
4536,0.15935,0.0
4537,0.4353,0.0
4538,0.63065,0.0
4539,0.8768,0.5186
4540,0.5926,0.2603
4541,0.13585,0.2165
4542,0.7992,0.0
4543,0.5992,0.0
4544,0.26365,0.5
4545,0.27105,0.0
4546,0.26515,0.0
4547,0.38585,0.0
4548,0.22715,0.2898
4549,0.83565,0.73855
4550,0.15385,0.9885
4551,0.49,0.19425
4552,0.3043,5.0e-5
4553,0.3033,0.57775
4554,0.31445,0.5
4555,0.7191,0.4216
4556,0.83145,1.0
4557,0.97585,1.0
4558,0.64435,0.40755
4559,0.6572,0.30645
4560,0.0143,0.0
4561,0.487,0.18625
4562,0.7909,0.2592
4563,0.7816,0.00215
4564,0.43785,0.0
4565,0.46315,1.0
4566,0.63775,0.87735
4567,0.2854,1.0
4568,0.62815,0.00835
4569,0.80015,0.76625
4570,0.54835,0.3104
4571,0.1144,0.0001
4572,0.25835,0.2653
4573,0.2119,0.71775
4574,0.01035,0.06905
4575,0.99885,1.0
4576,0.64105,0.5595
4577,0.6821,0.0
4578,0.7891,0.4709
4579,0.9923,1.0
4580,0.92075,0.99735
4581,0.9456,0.0007
4582,0.57475,0.1805
4583,0.5449,0.99485
4584,0.05715,0.88775
4585,0.89905,0.02505
4586,0.7688,0.374
4587,0.13555,0.5263
4588,0.913,1.0
4589,0.5376,0.4252
4590,0.88985,0.0
4591,0.57825,0.1874
4592,0.5141,0.8592
4593,0.46635,0.0
4594,0.35705,0.3815
4595,0.89495,1.0
4596,0.44905,0.0
4597,0.5824,0.52235
4598,0.1041,0.9834
4599,0.95205,0.5534
4600,0.53985,0.0996
4601,0.5002,0.9764
4602,0.11265,0.7249
4603,0.59675,0.0004
4604,0.1169,0.0
4605,0.5695,0.99995
4606,0.1714,0.69945
4607,0.91365,0.0
4608,0.0328,0.24325
4609,0.31315,0.99995
4610,0.8115,0.325
4611,0.18255,1.0
4612,0.567,0.00085
4613,0.5985,0.0
4614,0.4135,1.0
4615,0.3182,0.0
4616,0.32715,0.0
4617,0.7215,1.0
4618,0.09365,0.0
4619,0.79715,0.25
4620,0.1297,0.0
4621,0.54685,0.0126
4622,0.25155,0.0
4623,0.4885,0.0315
4624,0.5342,0.75
4625,0.7193,1.0
4626,0.75175,0.61825
4627,0.2332,0.0
4628,0.5791,0.9095
4629,0.3026,0.9859
4630,0.7184,0.5793
4631,0.15515,0.00435
4632,0.56525,0.5
4633,0.27055,0.178
4634,0.1607,0.0
4635,0.392,0.3398
4636,0.17145,0.0
4637,0.9236,1.0
4638,0.8246,0.99935
4639,0.12645,0.0
4640,0.41175,0.0
4641,0.65155,1.0
4642,0.32175,0.339
4643,0.2238,0.18315
4644,0.9822,1.0
4645,0.5344,0.25
4646,0.2746,0.7846
4647,0.5274,0.5
4648,0.82445,0.1929
4649,0.21805,1.0
4650,0.158,0.5203
4651,0.9725,0.4261
4652,0.31075,0.0
4653,0.46985,0.801
4654,0.7961,0.01385
4655,0.5352,0.0575
4656,0.24375,0.1184
4657,0.96725,0.96155
4658,0.90085,1.0
4659,0.4652,0.0002
4660,0.8385,0.0101
4661,0.31395,0.0
4662,0.0029,0.0
4663,0.277,0.0
4664,0.52155,0.6607
4665,0.07595,0.40995
4666,0.04845,0.0
4667,0.7729,0.0
4668,0.2157,0.0
4669,0.82945,0.3245
4670,0.8342,1.0
4671,0.26105,0.4003
4672,0.21335,0.57905
4673,0.9445,0.022
4674,0.807,0.1065
4675,0.3661,0.0
4676,0.948,0.06405
4677,0.2874,0.27525
4678,0.3381,0.50715
4679,0.73445,0.01405
4680,0.8255,1.0
4681,0.01515,0.0
4682,0.4783,0.5
4683,0.3486,0.00105
4684,0.14385,0.0
4685,0.7057,0.5691
4686,0.59215,0.82105
4687,0.65215,0.892
4688,0.5768,0.19415
4689,0.7926,0.25
4690,0.2978,0.0382
4691,0.3618,1.0
4692,0.6018,0.3332
4693,0.8378,0.0
4694,0.1123,0.6626
4695,0.3213,0.5
4696,0.2115,0.12675
4697,0.1676,0.01325
4698,0.991,0.0282
4699,0.9543,0.25
4700,0.6238,0.11485
4701,0.05885,0.0
4702,0.35055,0.25
4703,0.6053,0.0023
4704,0.077,0.0
4705,0.2158,0.408
4706,0.3142,0.0
4707,0.8259,0.13345
4708,0.129,0.9957
4709,0.5681,0.18755
4710,0.6306,0.25
4711,0.2975,0.25
4712,0.20635,0.0324
4713,0.0018,0.0
4714,0.0789,0.9997
4715,0.04855,0.0747
4716,0.31445,0.03065
4717,0.7625,1.0
4718,0.8739,0.0
4719,0.8408,0.10215
4720,0.6073,0.99245
4721,0.30725,0.0
4722,0.3631,0.85735
4723,0.49375,0.99515
4724,0.5291,0.0044
4725,0.64395,1.0
4726,0.2783,0.0
4727,0.1858,0.0
4728,0.43715,0.73395
4729,0.2199,0.0
4730,0.3962,0.03005
4731,0.3321,0.56625
4732,0.46705,0.7071
4733,0.24435,0.01535
4734,0.533,0.0646
4735,0.5591,0.5922
4736,0.6153,0.05475
4737,0.9445,0.2077
4738,0.1614,0.00345
4739,0.20365,0.76755
4740,0.08935,0.0
4741,0.65905,0.0
4742,0.31885,0.3134
4743,0.6697,0.0079
4744,0.3283,0.10035
4745,0.9146,1.0
4746,0.3754,0.0
4747,0.44825,0.0
4748,0.2194,0.09525
4749,0.19775,0.0
4750,0.35165,0.0938
4751,0.55035,0.4091
4752,0.9,0.15785
4753,0.47425,0.94235
4754,0.61025,0.0
4755,0.0682,0.5771
4756,0.36805,0.90935
4757,0.31815,0.05595
4758,0.84695,1.0
4759,0.3612,0.53625
4760,0.23375,0.03075
4761,0.10735,0.321
4762,0.3995,1.0
4763,0.87275,0.25
4764,0.7616,0.77055
4765,0.95515,0.5
4766,0.221,0.0
4767,0.61785,0.63145
4768,0.39165,0.70095
4769,0.74205,0.83355
4770,0.2353,0.77935
4771,0.294,0.00035
4772,0.93095,0.5504
4773,0.3601,0.79855
4774,0.27305,1.0
4775,0.73345,0.92635
4776,0.2708,0.60645
4777,0.5805,0.97715
4778,0.15795,0.01985
4779,0.1357,0.0
4780,0.7504,0.13515
4781,0.02285,0.25
4782,0.6862,1.0
4783,0.54945,0.0255
4784,0.58595,0.02845
4785,0.64175,0.2011
4786,0.1658,0.0
4787,0.63625,0.8135
4788,0.7216,0.55715
4789,0.51465,0.2735
4790,0.48115,1.0
4791,0.096,0.0
4792,0.2955,0.0117
4793,0.32,0.0
4794,0.1123,0.0
4795,0.37375,0.392
4796,0.41285,0.35555
4797,0.6829,0.5499
4798,0.31725,0.0002
4799,0.3998,0.1583
4800,0.1059,0.00395
4801,0.7249,0.0527
4802,0.0194,0.5349
4803,0.54025,0.0
4804,0.58145,0.22715
4805,0.6029,0.43065
4806,0.03835,0.39775
4807,0.3005,0.0
4808,0.09925,0.31195
4809,0.4283,0.0
4810,0.46575,0.00115
4811,0.18875,0.0
4812,0.6319,0.0
4813,0.08,0.7553
4814,0.9548,1.0
4815,0.17825,0.0
4816,0.08225,0.0
4817,0.9231,0.75
4818,0.8806,0.0
4819,0.74225,0.9992
4820,0.9427,0.9998
4821,0.5525,0.99685
4822,0.73115,0.7147
4823,0.8218,0.0096
4824,0.17625,0.9997
4825,0.08445,0.0019
4826,0.5125,1.0
4827,0.0315,0.77495
4828,0.0782,0.0
4829,0.644,0.8641
4830,0.02625,0.0947
4831,0.3235,0.4405
4832,0.77205,0.1701
4833,0.2688,0.25
4834,0.2849,0.58135
4835,0.58775,0.0
4836,0.77365,0.1025
4837,0.8838,0.11285
4838,0.14605,0.27815
4839,0.675,1.0
4840,0.6389,0.3385
4841,0.12805,0.5
4842,0.18165,0.0132
4843,0.8264,0.8999
4844,0.6844,0.0
4845,0.962,0.25
4846,0.51395,0.3348
4847,0.6784,0.25
4848,0.5376,0.77245
4849,0.7803,0.5907
4850,0.6443,1.0
4851,0.5288,0.2255
4852,0.4835,0.04105
4853,0.88805,0.8162
4854,0.3571,0.47875
4855,0.2469,0.1296
4856,0.58925,0.10315
4857,0.015,0.0
4858,0.8016,0.0056
4859,0.05605,0.0
4860,0.1434,0.25
4861,0.3669,0.8753
4862,0.05445,0.25
4863,0.55325,0.0
4864,0.3982,0.2165
4865,0.321,0.75
4866,0.6102,0.25
4867,0.29065,0.863
4868,0.88485,1.0
4869,0.57365,0.1411
4870,0.2232,0.0
4871,0.5254,0.0
4872,0.7567,0.9863
4873,0.63355,0.0
4874,0.0963,0.8307
4875,0.5646,0.3521
4876,0.7329,0.5
4877,0.6474,0.13935
4878,0.96385,1.0
4879,0.41405,0.0
4880,0.477,0.70265
4881,0.63945,0.72815
4882,0.252,0.0
4883,0.8378,0.13305
4884,0.25535,0.0558
4885,0.57485,0.0
4886,0.43045,0.0
4887,0.92015,0.0
4888,0.1141,0.18415
4889,0.15955,1.0
4890,0.23035,0.2865
4891,0.53275,0.1518
4892,0.363,0.0
4893,0.7218,0.24265
4894,0.69345,1.0
4895,0.2144,0.0
4896,0.27355,0.86875
4897,0.4954,0.52725
4898,0.3692,0.6819
4899,0.5226,0.36105
4900,0.3361,0.0
4901,0.4837,0.0
4902,0.71665,0.02135
4903,0.43775,0.8861
4904,0.1681,0.0
4905,0.3398,0.22235
4906,0.86095,0.72715
4907,0.52125,0.2627
4908,0.5163,0.5
4909,0.5674,0.9451
4910,0.3915,0.0019
4911,0.33385,0.0
4912,0.401,0.01375
4913,0.0024,0.0
4914,0.31525,0.0
4915,0.10675,0.0
4916,0.21045,0.9988
4917,0.4227,0.90125
4918,0.3202,0.0244
4919,0.95255,0.0001
4920,0.527,0.0
4921,0.406,0.86305
4922,0.05895,0.2093
4923,0.86065,1.0
4924,0.93695,1.0
4925,0.48255,0.2948
4926,0.68635,0.9012
4927,0.90605,0.27695
4928,0.15445,0.48795
4929,0.0425,0.0
4930,0.33695,0.25
4931,0.99015,0.4845
4932,0.2409,0.2862
4933,0.32205,0.25
4934,0.60535,0.9997
4935,0.3771,0.0415
4936,0.1577,0.0
4937,0.25845,0.53585
4938,0.9003,0.96035
4939,0.4057,0.01315
4940,0.94765,0.87895
4941,0.4617,0.25
4942,0.42815,0.99855
4943,0.0911,0.8672
4944,0.36785,0.0125
4945,0.59395,0.0
4946,0.87975,0.05935
4947,0.63005,0.58285
4948,0.83995,1.0
4949,0.8066,1.0
4950,0.04585,0.0
4951,0.78145,0.5976
4952,0.14185,0.28565
4953,0.61175,0.6688
4954,0.7737,0.18635
4955,0.05625,0.0
4956,0.48205,0.25
4957,0.79075,0.84295
4958,0.38895,0.8983
4959,0.80415,0.48855
4960,0.64,0.00285
4961,0.56515,0.0401
4962,0.4448,0.01325
4963,0.02685,0.0
4964,0.69335,0.25
4965,0.1471,0.3495
4966,0.2906,0.51895
4967,0.6786,0.20335
4968,0.5594,0.1755
4969,0.2466,0.0
4970,0.60185,0.0
4971,0.4951,0.14835
4972,0.27345,0.0
4973,0.11795,0.0
4974,0.2589,0.81725
4975,0.0256,0.0843
4976,0.10215,0.90875
4977,0.0684,0.29905
4978,0.4984,0.0
4979,0.0692,0.32585
4980,0.1797,0.4375
4981,0.14545,0.03645
4982,0.69335,0.40795
4983,0.69935,0.0003
4984,0.9963,1.0
4985,0.8784,0.5
4986,0.6278,0.0075
4987,0.94985,0.3538
4988,0.15215,0.14235
4989,0.97775,1.0
4990,0.0704,0.00755
4991,0.20815,0.74665
4992,0.11485,0.9541
4993,0.50455,0.2501
4994,0.79365,0.99965
4995,0.7302,0.32305
4996,0.13775,5.0e-5
4997,0.4072,0.61495
4998,0.7378,1.0
4999,0.2754,0.0
5000,0.9814,1.0
5001,0.47745,0.0
5002,0.5289,0.3084
5003,0.64475,0.0
5004,0.63635,0.0
5005,0.7677,0.50505
5006,0.924,0.8231
5007,0.6421,1.0
5008,0.1019,0.0041
5009,0.27725,0.0
5010,0.65065,0.5945
5011,0.7343,0.96155
5012,0.88645,0.28305
5013,0.7866,0.0
5014,0.37365,0.0
5015,0.5066,0.52345
5016,0.2019,0.28985
5017,0.4716,0.15695
5018,0.8137,1.0
5019,0.5627,0.7528
5020,0.40925,1.0
5021,0.67925,1.0
5022,0.0576,0.0
5023,0.93485,0.49155
5024,0.0262,0.3606
5025,0.10455,0.0
5026,0.75905,1.0
5027,0.22425,0.0
5028,0.42995,0.6394
5029,0.63415,0.91035
5030,0.6121,0.0453
5031,0.83715,1.0
5032,0.7065,0.25
5033,0.8862,0.99935
5034,0.54435,0.4797
5035,0.6325,0.50805
5036,0.62385,0.33145
5037,0.51415,0.25
5038,0.2393,0.0942
5039,0.19875,0.0
5040,0.60685,0.0534
5041,0.351,0.0
5042,0.50315,1.0
5043,0.0001,0.25
5044,0.82435,0.25
5045,0.4713,0.04965
5046,0.78765,0.0604
5047,0.55325,1.0
5048,0.89615,0.0
5049,0.26105,1.0
5050,0.0614,0.5
5051,0.40855,0.0
5052,0.37735,5.0e-5
5053,0.0602,0.1156
5054,0.42995,0.3897
5055,0.55805,0.00595
5056,0.8698,0.00335
5057,0.6097,0.0
5058,0.49285,0.98815
5059,0.78095,0.25
5060,0.11505,0.0
5061,0.1968,0.0372
5062,0.55615,0.41605
5063,0.55445,0.0
5064,0.60425,0.00505
5065,0.13825,0.5
5066,0.55955,0.00105
5067,0.07575,0.0
5068,0.42315,0.6437
5069,0.18105,1.0
5070,0.4817,0.25
5071,0.7154,0.6839
5072,0.5161,0.0
5073,0.89425,1.0
5074,0.3943,0.0
5075,0.1594,0.0
5076,0.4149,0.99995
5077,0.3753,0.99955
5078,0.22865,0.0
5079,0.3677,0.33765
5080,0.22165,0.035
5081,0.8956,0.1104
5082,0.4105,0.6943
5083,0.21345,0.64025
5084,0.4276,0.99945
5085,0.24155,0.1737
5086,0.3492,0.01395
5087,0.9104,0.0
5088,0.3431,0.1866
5089,0.2578,0.4498
5090,0.8446,0.81515
5091,0.3846,1.0
5092,0.4182,0.0
5093,0.0663,0.2333
5094,0.50185,0.5
5095,0.7128,0.65445
5096,0.33275,0.03295
5097,0.3768,0.7767
5098,0.60895,0.30945
5099,0.6239,0.4804
5100,0.48195,0.68625
5101,0.8847,0.0011
5102,0.09765,0.0
5103,0.46535,0.808
5104,0.6626,0.0
5105,0.28445,0.16835
5106,0.95205,1.0
5107,0.98525,0.0
5108,0.38775,0.25895
5109,0.71255,0.3045
5110,0.9933,0.99995
5111,0.6334,0.0
5112,0.2,0.0
5113,0.0937,0.25505
5114,0.04515,0.6185
5115,0.3817,0.9711
5116,0.1151,0.0
5117,0.6787,0.8748
5118,0.21065,0.84295
5119,0.71235,0.7198
5120,0.95975,1.0
5121,0.5576,0.0
5122,0.7036,1.0
5123,0.0647,0.0
5124,0.23285,0.1864
5125,0.59105,0.17965
5126,0.9998,1.0
5127,0.9392,0.0018
5128,0.44085,0.7609
5129,0.20545,0.0107
5130,0.9135,0.91075
5131,0.4057,0.0001
5132,0.58915,0.2582
5133,0.9379,0.4581
5134,0.8149,0.65635
5135,0.1289,0.5078
5136,0.38155,0.5
5137,0.0522,0.0
5138,0.72425,0.75
5139,0.9156,0.99985
5140,0.46685,0.4366
5141,0.3433,0.3234
5142,0.5279,0.0
5143,0.74395,0.7021
5144,0.0815,0.0
5145,0.37685,0.84185
5146,0.51995,0.2838
5147,0.011,0.0
5148,0.7687,0.54255
5149,0.29955,0.0
5150,0.606,0.75
5151,0.07425,0.0
5152,0.649,0.52305
5153,0.84505,0.25
5154,0.55965,0.42215
5155,0.5789,0.4736
5156,0.4302,0.5762
5157,0.2448,0.06085
5158,0.4054,0.0
5159,0.0507,0.0
5160,0.68455,0.88435
5161,0.0054,0.36525
5162,0.04585,0.0141
5163,0.0539,0.0
5164,0.69615,0.69185
5165,0.5303,0.0
5166,0.9443,1.0
5167,0.81515,0.0
5168,0.64635,0.3733
5169,0.4248,0.0
5170,0.1939,0.0
5171,0.26275,0.9984
5172,0.31465,0.8754
5173,0.2282,0.0
5174,0.26475,0.0003
5175,0.915,0.9953
5176,0.8063,0.82105
5177,0.6596,0.99985
5178,0.79355,0.99555
5179,0.40015,0.03385
5180,0.472,0.0059
5181,0.0213,0.0
5182,0.42125,0.01325
5183,0.2026,0.0
5184,0.54655,0.0
5185,0.46005,0.8412
5186,0.0959,0.0
5187,0.44055,0.0
5188,0.1229,0.4821
5189,0.0548,0.0
5190,0.57995,0.3783
5191,0.42925,1.0
5192,0.87635,0.135
5193,0.0875,0.03285
5194,0.23015,0.0
5195,0.1009,0.0
5196,0.22055,0.7914
5197,0.578,0.49995
5198,0.52345,0.0004
5199,0.05955,0.0
5200,0.80925,0.13505
5201,0.46435,1.0
5202,0.6278,0.0
5203,0.16355,0.0
5204,0.9278,0.00035
5205,0.0957,0.0001
5206,0.5944,0.25
5207,0.96085,0.2504
5208,0.3403,0.228
5209,0.99435,0.0
5210,0.56435,0.1383
5211,0.6147,0.7739
5212,0.1622,0.00145
5213,0.24785,0.4565
5214,0.2362,0.0
5215,0.88565,0.00095
5216,0.0954,0.01945
5217,0.132,1.0
5218,0.8542,0.00755
5219,0.76025,0.99995
5220,0.95575,0.2677
5221,0.11265,0.00065
5222,0.2304,0.0
5223,0.30685,0.0
5224,0.04585,0.0
5225,0.27975,0.0
5226,0.76155,0.99995
5227,0.1644,0.0
5228,0.5408,0.3082
5229,0.1376,0.0
5230,0.319,0.0
5231,0.30075,0.8304
5232,0.45695,0.0
5233,0.44225,0.72365
5234,0.89585,1.0
5235,0.38635,0.6477
5236,0.8395,0.25
5237,0.2499,0.00785
5238,0.76485,0.0
5239,0.29055,0.6013
5240,0.707,0.25
5241,0.0381,0.90225
5242,0.3165,0.94135
5243,0.5222,0.0
5244,0.81325,0.002
5245,0.21235,5.0e-5
5246,0.24645,0.36335
5247,0.2972,0.0
5248,0.6181,0.1514
5249,0.2649,0.5
5250,0.99255,1.0
5251,0.61835,0.618
5252,0.07435,0.00045
5253,0.0748,0.69865
5254,0.3289,1.0
5255,0.38325,0.25
5256,0.4781,0.00105
5257,0.8582,0.80685
5258,0.7739,0.24735
5259,0.1343,0.25
5260,0.8503,0.99835
5261,0.49525,0.06305
5262,0.69925,0.2655
5263,0.4513,0.2473
5264,0.8844,1.0
5265,0.5826,0.4492
5266,0.47055,0.0
5267,0.4362,0.0002
5268,0.7659,0.11815
5269,0.7365,0.0
5270,0.13745,0.0315
5271,0.25835,0.6808
5272,0.867,0.99105
5273,0.03265,0.0
5274,0.91715,0.25
5275,0.3668,0.5856
5276,0.3127,0.17615
5277,0.5258,0.5032
5278,0.511,1.0
5279,0.8794,1.0
5280,0.1331,0.72285
5281,0.5511,0.0
5282,0.26085,0.0086
5283,0.30225,0.0
5284,0.1224,0.99975
5285,0.55705,0.92035
5286,0.0061,0.0
5287,0.20865,0.28275
5288,0.2458,0.0
5289,0.4442,0.0001
5290,0.5522,0.9961
5291,0.2146,0.04105
5292,0.6867,0.0
5293,0.92585,1.0
5294,0.52975,0.0
5295,0.91705,0.5
5296,0.2283,0.0
5297,0.25725,0.66815
5298,0.2881,0.0
5299,0.16975,0.10045
5300,0.0118,0.0
5301,0.87755,0.0
5302,0.1672,0.0
5303,0.6268,1.0
5304,0.5847,0.00425
5305,0.05895,0.0471
5306,0.8636,1.0
5307,0.7303,0.00905
5308,0.8702,0.9535
5309,0.12735,0.0
5310,0.2625,0.56255
5311,0.55995,0.0
5312,0.3837,0.9997
5313,0.12645,0.52845
5314,0.6055,0.6231
5315,0.73745,0.7714
5316,0.61985,0.0
5317,0.6623,0.00495
5318,0.3018,0.1086
5319,0.5394,0.22775
5320,0.275,0.00245
5321,0.16565,0.00105
5322,0.11035,0.4925
5323,0.14725,0.0
5324,0.29385,0.0
5325,0.27655,0.0
5326,0.7307,1.0
5327,0.5101,0.0
5328,0.21515,0.73455
5329,0.1962,0.55315
5330,0.52755,0.6888
5331,0.941,0.2116
5332,0.8693,0.452
5333,0.3945,0.17125
5334,0.40675,0.0001
5335,0.712,0.50945
5336,0.8144,0.25
5337,0.8306,0.19895
5338,0.46665,1.0
5339,0.0569,0.25
5340,0.69785,0.41815
5341,0.0522,0.10375
5342,0.4211,0.0
5343,0.48505,0.4953
5344,0.5894,0.52375
5345,0.8281,0.0957
5346,0.37985,0.00145
5347,0.2471,0.0
5348,0.15195,1.0
5349,0.20905,0.3814
5350,0.4465,0.99995
5351,0.9437,0.5
5352,0.65325,0.63455
5353,0.2845,0.0
5354,0.499,0.13995
5355,0.17345,0.89175
5356,0.9362,0.99455
5357,0.614,0.4135
5358,0.90235,0.0
5359,0.6656,0.0001
5360,0.78715,0.84305
5361,0.23385,0.7899
5362,0.211,0.25
5363,0.72835,0.5731
5364,0.6149,0.4787
5365,0.5166,0.21125
5366,0.38155,0.5
5367,0.2774,0.58375
5368,0.35175,0.30105
5369,0.31945,0.0002
5370,0.38855,0.0004
5371,0.20895,0.9832
5372,0.779,0.5
5373,0.59745,0.6635
5374,0.40105,0.0
5375,0.39255,0.2058
5376,0.16355,0.0
5377,0.25085,0.0
5378,0.42935,0.0
5379,0.60335,0.57675
5380,0.96415,0.72575
5381,0.42765,0.0009
5382,0.42335,0.108
5383,0.16455,0.039
5384,0.7605,0.99475
5385,0.6338,0.2249
5386,0.76155,0.0434
5387,0.2873,1.0
5388,0.60175,0.26085
5389,0.39195,0.00015
5390,0.65755,0.0
5391,0.3799,0.40625
5392,0.8271,0.39835
5393,0.24105,0.651
5394,0.65345,0.99235
5395,0.1631,0.74835
5396,0.18285,0.31995
5397,0.9946,0.42435
5398,0.38195,0.5
5399,0.86125,0.807
5400,0.27185,0.79405
5401,0.4724,0.0
5402,0.23405,1.0
5403,0.51865,0.93715
5404,0.5887,0.8798
5405,0.2139,0.43945
5406,0.3845,0.208
5407,0.72705,0.59175
5408,0.9164,1.0
5409,0.13975,0.57555
5410,0.7907,1.0
5411,0.26585,0.7261
5412,0.99465,0.1984
5413,0.14065,0.99935
5414,0.4844,0.0302
5415,0.7133,0.25
5416,0.8626,0.0
5417,0.76055,0.0
5418,0.0427,0.0
5419,0.6699,5.0e-5
5420,0.97215,0.36795
5421,0.129,0.09635
5422,0.05445,0.5628
5423,0.459,0.0201
5424,0.0416,0.0
5425,0.93925,0.0432
5426,0.44555,0.0
5427,0.06335,0.0
5428,0.7399,0.0283
5429,0.9296,0.9392
5430,0.08345,0.00195
5431,0.65985,0.9609
5432,0.52375,0.53025
5433,0.8815,0.0
5434,0.38875,0.99985
5435,0.78215,0.6995
5436,0.24905,0.0
5437,0.3185,0.2078
5438,0.01805,0.0
5439,0.78525,1.0
5440,0.3414,0.56665
5441,0.8123,0.69345
5442,0.46985,0.93865
5443,0.2015,0.0004
5444,0.63775,0.36965
5445,0.77105,0.33895
5446,0.32175,0.81935
5447,0.4451,0.66545
5448,0.31745,0.0
5449,0.2824,0.01575
5450,0.35,0.0
5451,0.19055,0.0362
5452,0.316,0.00185
5453,0.49195,0.9206
5454,0.77755,0.04725
5455,0.7908,0.119
5456,0.75575,0.13505
5457,0.42265,0.1974
5458,0.0289,0.0
5459,0.8411,0.21645
5460,0.89395,1.0
5461,0.3921,0.99995
5462,0.47995,0.021
5463,0.95525,0.25
5464,0.5995,0.02085
5465,0.95845,0.25
5466,0.7226,0.0174
5467,0.539,0.0
5468,0.04645,0.61845
5469,0.2902,0.02895
5470,0.8953,0.25
5471,0.97865,0.99925
5472,0.1239,0.549
5473,0.75645,0.0199
5474,0.41,1.0
5475,0.72785,1.0
5476,0.4078,1.0
5477,0.21015,0.64885
5478,0.6609,0.0
5479,0.35465,0.27815
5480,0.15025,0.2884
5481,0.7817,0.0026
5482,0.70775,0.00065
5483,0.6967,0.04515
5484,0.8767,0.41575
5485,0.0107,0.0
5486,0.27385,0.0
5487,0.2349,0.5
5488,0.6074,0.47595
5489,0.0716,0.0
5490,0.7851,1.0
5491,0.3309,0.0
5492,0.06755,0.0
5493,0.6313,0.69375
5494,0.7611,1.0
5495,0.28975,0.065
5496,0.76705,0.75
5497,0.33795,0.81715
5498,0.6695,0.0
5499,0.78105,0.7326
5500,0.98385,1.0
5501,0.13,0.99385
5502,0.58325,0.5
5503,0.2382,0.89655
5504,0.26955,0.0836
5505,0.1784,0.10265
5506,0.98165,1.0
5507,0.8404,0.59045
5508,0.75405,0.99965
5509,0.6149,0.0314
5510,0.76515,0.01505
5511,0.28595,0.79035
5512,0.5956,0.99985
5513,0.5793,0.25
5514,0.97145,0.39735
5515,0.2952,0.31525
5516,0.36875,0.51745
5517,0.111,0.0
5518,0.5006,1.0
5519,0.00885,0.0
5520,0.53465,0.5
5521,0.09185,0.162
5522,0.4307,0.47005
5523,0.2625,0.30105
5524,0.4119,0.03135
5525,0.5249,0.0
5526,0.74955,0.969
5527,0.89275,0.95265
5528,0.83825,1.0
5529,0.7392,0.9761
5530,0.22985,0.0
5531,0.33235,0.728
5532,0.64885,0.71455
5533,0.40545,0.18745
5534,0.36085,0.8267
5535,0.95595,0.5361
5536,0.6605,0.9961
5537,0.33305,0.97795
5538,0.6805,0.0
5539,0.26825,0.5
5540,0.4987,0.0
5541,0.2234,0.0129
5542,0.2287,0.95025
5543,0.28935,0.0
5544,0.7127,1.0
5545,0.24015,0.407
5546,0.4881,0.16845
5547,0.71205,0.1648
5548,0.25095,0.9679
5549,0.34155,0.0
5550,0.22775,0.0
5551,0.1854,0.0012
5552,0.7083,0.5578
5553,0.9374,0.0717
5554,0.6902,0.1187
5555,0.22865,0.0
5556,0.1462,0.5
5557,0.61025,0.0
5558,0.1583,0.00075
5559,0.6655,0.0757
5560,0.30065,0.0
5561,0.1043,0.00045
5562,0.3642,0.0
5563,0.08485,0.0003
5564,0.332,0.01965
5565,0.45505,0.0003
5566,0.5874,0.50445
5567,0.4458,0.25
5568,0.7132,0.0
5569,0.5096,0.0
5570,0.80155,0.0
5571,0.89985,0.99985
5572,0.1935,0.5
5573,0.4519,0.0
5574,0.2792,0.31925
5575,0.85225,0.0
5576,0.95475,1.0
5577,0.7733,0.75065
5578,0.4916,0.001
5579,0.44465,0.94675
5580,0.6245,0.25
5581,0.28735,0.0
5582,0.1465,0.95575
5583,0.6942,0.00015
5584,0.11285,0.19945
5585,0.37355,0.76825
5586,0.39455,0.9396
5587,0.6563,0.00745
5588,0.6061,0.75235
5589,0.25365,0.83875
5590,0.4839,0.9694
5591,0.83655,0.0
5592,0.90845,0.0009
5593,0.93385,0.0
5594,0.16815,0.9273
5595,0.4191,0.41185
5596,0.49995,0.50585
5597,0.11685,0.06885
5598,0.3047,0.26745
5599,0.17375,0.00415
5600,0.6915,0.0
5601,0.9906,0.7631
5602,0.04545,0.0
5603,0.2945,0.0104
5604,0.0009,0.0
5605,0.3387,0.25
5606,0.2641,1.0
5607,0.23645,0.41315
5608,0.6293,0.0
5609,0.9607,1.0
5610,0.11525,0.2083
5611,0.49255,0.0
5612,0.81725,1.0
5613,0.5887,0.8238
5614,0.0801,0.9223
5615,0.5669,0.70495
5616,0.79485,1.0
5617,0.65135,0.0
5618,0.4553,0.8087
5619,0.7988,0.09295
5620,0.89945,0.0
5621,0.27685,0.0
5622,0.57265,0.72685
5623,0.5917,0.2758
5624,0.6355,0.0
5625,0.25605,0.5949
5626,0.21755,0.9592
5627,0.95195,0.5
5628,0.6713,0.96645
5629,0.097,0.00445
5630,0.1017,0.0
5631,0.9484,0.91915
5632,0.00215,0.0
5633,0.79715,0.95715
5634,0.8617,0.0
5635,0.8641,0.0
5636,0.2885,0.65595
5637,0.371,0.2218
5638,0.72495,0.5
5639,0.3982,0.28245
5640,0.89845,0.75
5641,0.76515,0.26005
5642,0.7544,0.0
5643,0.4713,0.07465
5644,0.29985,0.20635
5645,0.847,0.0001
5646,0.577,0.9935
5647,0.95365,0.93575
5648,0.5309,0.40525
5649,0.5458,0.0
5650,0.36055,0.09835
5651,0.39485,0.99555
5652,0.1189,0.242
5653,0.36235,0.25795
5654,0.95965,0.0
5655,0.45765,0.9993
5656,0.9154,1.0
5657,0.2791,0.0
5658,0.58095,0.0
5659,0.84925,0.0
5660,0.6292,0.25
5661,0.14915,0.00735
5662,0.4258,0.06405
5663,0.56785,0.25
5664,0.2761,0.3585
5665,0.0951,0.0
5666,0.86685,0.007
5667,0.8528,0.5304
5668,0.46075,0.0
5669,0.4066,0.25
5670,0.871,0.96085
5671,0.8081,0.25
5672,0.95035,0.99935
5673,0.51935,0.40135
5674,0.8065,0.99175
5675,0.3461,0.0
5676,0.2319,0.9996
5677,0.00435,0.25
5678,0.81045,1.0
5679,0.53205,0.4401
5680,0.85865,0.82165
5681,0.90715,0.54865
5682,0.87585,0.0
5683,0.59925,0.5021
5684,0.5812,0.99945
5685,0.3701,0.78235
5686,0.7069,0.0006
5687,0.35935,0.25
5688,0.14165,0.0
5689,0.4745,0.0008
5690,0.48795,0.0
5691,0.5612,0.7215
5692,0.4704,0.106
5693,0.1409,0.38855
5694,0.60405,0.0
5695,0.67405,0.0
5696,0.1196,0.89335
5697,0.29265,0.0
5698,0.03185,0.0159
5699,0.0891,0.86375
5700,0.88935,0.83105
5701,0.4927,0.09965
5702,0.5042,0.0
5703,0.86805,0.25
5704,0.22125,0.0
5705,0.1085,0.0
5706,0.07335,0.3878
5707,0.67775,0.3354
5708,0.675,0.0
5709,0.5044,0.5373
5710,0.8988,1.0
5711,0.4076,0.0
5712,0.4654,0.30545
5713,0.32455,0.14235
5714,0.83505,0.233
5715,0.33295,0.1022
5716,0.7901,0.00095
5717,0.7285,0.54055
5718,0.92605,1.0
5719,0.69255,0.9773
5720,0.1557,0.0
5721,0.26365,5.0e-5
5722,0.556,0.52785
5723,0.71085,1.0
5724,0.22195,0.44395
5725,0.2337,0.0
5726,0.56825,0.382
5727,0.5126,0.0
5728,0.16775,0.0046
5729,0.7516,1.0
5730,0.16965,0.46465
5731,0.6178,0.0
5732,0.76535,0.0073
5733,0.28335,0.0
5734,0.3795,0.0
5735,0.54265,0.09445
5736,0.59225,0.0
5737,0.18675,0.0
5738,0.46815,0.91545
5739,0.20705,0.5
5740,0.85205,0.17555
5741,0.58855,0.12305
5742,0.03495,0.0553
5743,0.77285,0.2854
5744,0.4789,0.0
5745,0.31295,0.1392
5746,0.2694,0.7049
5747,0.71575,1.0
5748,0.0222,0.0
5749,0.2853,0.6696
5750,0.553,0.00055
5751,0.6362,0.0
5752,0.1435,0.0801
5753,0.07535,0.4489
5754,0.89015,0.0
5755,0.04985,0.87865
5756,0.45965,0.78485
5757,0.7492,0.0
5758,0.93095,0.1982
5759,0.89205,0.8612
5760,0.8437,0.3413
5761,0.9872,0.96385
5762,0.15665,0.12985
5763,0.3855,0.24085
5764,0.53065,0.7991
5765,0.48595,1.0
5766,0.72335,0.1472
5767,0.98165,0.9995
5768,0.47855,1.0
5769,0.68135,0.0023
5770,0.43175,0.92015
5771,0.32375,1.0
5772,0.2024,0.0
5773,0.5465,0.9968
5774,0.0338,5.0e-5
5775,0.99465,0.72785
5776,0.7621,0.3409
5777,0.41405,0.30295
5778,0.40485,0.0437
5779,0.45715,0.2339
5780,0.3699,0.40005
5781,0.2941,0.76855
5782,0.29325,0.36655
5783,0.3388,0.8796
5784,0.25,0.0
5785,0.43135,0.0
5786,0.5441,0.5
5787,0.84505,0.00065
5788,0.83225,0.35315
5789,0.82945,0.046
5790,0.645,0.0
5791,0.4726,1.0
5792,0.23965,0.0
5793,0.10875,0.0
5794,0.64405,0.0
5795,0.32675,0.7505
5796,0.612,0.0
5797,0.56635,0.0809
5798,0.2318,0.0035
5799,0.4873,0.34675
5800,0.1566,0.0
5801,0.2001,0.9941
5802,0.4766,0.0
5803,0.57935,0.31085
5804,0.2745,0.0
5805,0.7781,0.11825
5806,0.6369,0.7443
5807,0.11955,0.0
5808,0.46675,0.0008
5809,0.16185,0.0
5810,0.94395,1.0
5811,0.68205,0.0
5812,0.92535,1.0
5813,0.2689,0.9356
5814,0.04335,0.59035
5815,0.35965,0.0
5816,0.88405,0.11455
5817,0.2988,0.0
5818,0.0248,0.0
5819,0.9039,0.9911
5820,0.75235,0.6679
5821,0.3011,0.3305
5822,0.5748,0.0
5823,0.53095,0.5918
5824,0.3654,0.9591
5825,0.8581,1.0
5826,0.41235,0.66165
5827,0.6033,0.15685
5828,0.34215,0.93905
5829,0.8447,0.5111
5830,0.78935,1.0
5831,0.49385,0.0
5832,0.66565,0.49945
5833,0.1892,0.00075
5834,0.78155,0.9995
5835,0.8267,0.27155
5836,0.6337,0.75
5837,0.11965,0.5591
5838,0.11345,0.0417
5839,0.47225,1.0
5840,0.37115,0.5
5841,0.3344,0.0
5842,0.82315,1.0
5843,0.4277,0.0
5844,0.40975,0.0
5845,0.1203,0.0
5846,0.9117,1.0
5847,0.43915,0.0
5848,0.5336,0.0
5849,0.1324,0.0
5850,0.69645,0.0
5851,0.91375,1.0
5852,0.824,0.0
5853,0.42985,0.6199
5854,0.2502,0.65435
5855,0.3381,0.0
5856,0.9874,0.79745
5857,0.37305,0.0
5858,0.17985,0.56955
5859,0.46385,0.0
5860,0.8882,0.8699
5861,0.7309,0.3278
5862,0.256,0.41365
5863,0.4117,0.88545
5864,0.4325,0.0
5865,0.19945,0.0
5866,0.51815,0.0
5867,0.6056,0.0
5868,0.6243,0.9997
5869,0.71725,0.0
5870,0.4977,0.0
5871,0.9645,0.0
5872,0.79585,0.0
5873,0.64875,0.0
5874,0.1262,0.0204
5875,0.31545,0.5
5876,0.08085,0.79245
5877,0.2195,5.0e-5
5878,0.6746,0.0
5879,0.56185,0.228
5880,0.72165,1.0
5881,0.17755,0.25
5882,0.2689,0.657
5883,0.808,0.0
5884,0.5375,0.4985
5885,0.5237,0.286
5886,0.84165,0.6914
5887,0.2818,0.64365
5888,0.8254,0.06065
5889,0.39205,0.5
5890,0.5171,0.39335
5891,0.0067,0.0
5892,0.70495,0.01865
5893,0.1139,0.5
5894,0.78515,0.0368
5895,0.1996,1.0
5896,0.6193,0.1106
5897,0.9209,0.0
5898,0.65625,0.94785
5899,0.79955,0.9862
5900,0.2346,0.58525
5901,0.4694,0.75755
5902,0.08345,0.0019
5903,0.18795,0.82525
5904,0.04985,0.00015
5905,0.3032,0.0654
5906,0.82485,0.00215
5907,0.2001,0.3914
5908,0.46615,0.2393
5909,0.2349,0.25
5910,0.9757,0.61945
5911,0.25715,0.0182
5912,0.0292,0.07615
5913,0.9858,0.99915
5914,0.5322,0.99985
5915,0.3357,0.5
5916,0.0927,0.26905
5917,0.91035,1.0
5918,0.14865,0.0042
5919,0.576,0.0
5920,0.16105,1.0
5921,0.3627,0.0526
5922,0.29005,0.21605
5923,0.7505,0.67355
5924,0.6596,0.41185
5925,0.15365,0.59875
5926,0.1812,0.0022
5927,0.12295,0.0
5928,0.3313,0.98335
5929,0.1603,0.0
5930,0.2755,0.0
5931,0.6514,0.75
5932,0.3102,0.0194
5933,0.5803,0.3691
5934,0.7249,0.0
5935,0.93535,1.0
5936,0.29275,0.25
5937,0.49955,0.0
5938,0.19245,0.19515
5939,0.31945,0.02015
5940,0.0656,0.1856
5941,0.39025,0.9953
5942,0.85495,0.688
5943,0.562,1.0
5944,0.38695,0.54005
5945,0.77215,0.0
5946,0.9661,0.5006
5947,0.6919,0.00505
5948,0.96955,0.95495
5949,0.43845,0.0048
5950,0.17695,0.0
5951,0.6388,0.25
5952,0.07985,0.00015
5953,0.93415,1.0
5954,0.37115,0.0
5955,0.43415,0.0
5956,0.05325,0.1057
5957,0.54865,0.99885
5958,0.39315,0.0
5959,0.67455,0.0049
5960,0.1549,1.0
5961,0.22545,0.0
5962,0.38835,0.56035
5963,0.18635,0.6965
5964,0.46845,0.24
5965,0.2917,0.5
5966,0.7401,0.08055
5967,0.75425,0.99935
5968,0.7839,0.0
5969,0.46625,0.3986
5970,0.7453,0.4807
5971,0.02865,0.0
5972,0.2296,0.0
5973,0.98245,1.0
5974,0.275,0.7207
5975,0.95525,0.02135
5976,0.8363,0.1583
5977,0.3298,1.0
5978,0.2056,0.2353
5979,0.86405,0.25
5980,0.63225,0.0252
5981,0.2797,0.1541
5982,0.86235,0.56585
5983,0.5283,0.2536
5984,0.72125,1.0
5985,0.7298,1.0
5986,0.8911,0.2179
5987,0.9869,0.0
5988,0.7347,0.99935
5989,0.87725,0.5645
5990,0.4242,0.5
5991,0.6854,0.0001
5992,0.7946,0.9816
5993,0.3584,0.5
5994,0.6946,0.38725
5995,0.44875,0.99305
5996,0.13515,0.2936
5997,0.60335,1.0
5998,0.04,0.5347
5999,0.0276,0.56445
6000,0.02325,0.6827
6001,0.35825,0.258
6002,0.6957,0.1436
6003,0.33835,0.25
6004,0.2165,0.11785
6005,0.5059,0.94025
6006,0.7235,0.77015
6007,0.8295,0.8177
6008,0.08305,0.3034
6009,0.7567,0.3859
6010,0.20025,0.47655
6011,0.63125,0.9883
6012,0.8041,0.25125
6013,0.5097,0.0
6014,0.85045,0.98685
6015,0.79175,0.86615
6016,0.533,0.948
6017,0.3535,0.0
6018,0.13605,0.4338
6019,0.6087,0.0
6020,0.6234,0.6739
6021,0.08405,0.0
6022,0.3529,0.5747
6023,0.9641,0.1228
6024,0.49525,0.0418
6025,0.0498,0.0
6026,0.1956,0.0
6027,0.04345,0.0
6028,0.22505,0.0
6029,0.67535,0.6617
6030,0.393,0.9991
6031,0.4875,0.63985
6032,0.235,0.25
6033,0.8392,0.85505
6034,0.60725,0.7332
6035,0.833,0.93485
6036,0.49375,0.75
6037,0.3606,0.12475
6038,0.13735,0.0
6039,0.42805,0.2072
6040,0.9194,1.0
6041,0.79535,1.0
6042,0.4122,1.0
6043,0.2248,0.5
6044,0.2952,0.21075
6045,0.8628,0.39905
6046,0.5089,1.0
6047,0.284,0.3215
6048,0.02515,0.1133
6049,0.13805,5.0e-5
6050,0.33815,0.0
6051,0.3882,0.25
6052,0.8914,0.4037
6053,0.3218,0.00095
6054,0.58045,0.1506
6055,0.6667,0.8175
6056,0.41015,0.0285
6057,0.42075,0.59345
6058,0.3792,0.00805
6059,0.02555,0.31135
6060,0.2881,0.52835
6061,0.21255,0.99425
6062,0.55865,0.975
6063,0.20165,0.0
6064,0.46725,0.2745
6065,0.7409,0.25
6066,0.77235,0.82175
6067,0.57575,0.188
6068,0.1266,0.0
6069,0.5476,0.0847
6070,0.7496,0.50575
6071,0.7629,0.0209
6072,0.15865,0.0
6073,0.13535,1.0
6074,0.4654,0.9198
6075,0.3914,0.958
6076,0.4274,0.0055
6077,0.539,0.93975
6078,0.4551,0.0
6079,0.9815,1.0
6080,0.99875,1.0
6081,0.3818,0.78675
6082,0.32545,0.0715
6083,0.33355,0.17335
6084,0.88915,0.9997
6085,0.71585,0.0674
6086,0.8281,0.1927
6087,0.1391,1.0
6088,0.8284,0.95395
6089,0.9791,0.1678
6090,0.9875,0.0877
6091,0.3835,0.00085
6092,0.1801,0.0
6093,0.24205,0.00355
6094,0.31925,0.0
6095,0.442,0.0
6096,0.93365,0.0
6097,0.93335,0.97665
6098,0.15315,0.0
6099,0.0422,0.0
6100,0.7922,1.0
6101,0.8363,0.3671
6102,0.86725,1.0
6103,0.3441,0.06175
6104,0.6085,0.0
6105,0.5396,0.99775
6106,0.3227,0.0
6107,0.16715,0.0
6108,0.7223,0.267
6109,0.08465,0.0
6110,0.42995,0.99795
6111,0.2247,0.7829
6112,0.7925,0.34595
6113,0.8178,0.99625
6114,0.7571,0.0
6115,0.3835,0.3253
6116,0.531,0.00445
6117,0.96515,1.0
6118,0.22525,0.3777
6119,0.2934,0.65395
6120,0.7022,0.36485
6121,0.75365,0.5461
6122,0.0947,0.0
6123,0.14095,0.3275
6124,0.1429,0.0
6125,0.1752,0.0
6126,0.9771,1.0
6127,0.8393,0.0
6128,0.29225,0.0
6129,0.8309,0.99975
6130,0.6479,0.5
6131,0.8765,1.0
6132,0.03265,0.0
6133,0.98045,0.2911
6134,0.32045,0.0
6135,0.6474,0.98225
6136,0.48295,0.99985
6137,0.04,0.0
6138,0.631,0.61815
6139,0.2095,0.01045
6140,0.40465,0.91605
6141,0.4571,0.99995
6142,0.16895,0.0
6143,0.42665,0.03195
6144,0.1561,1.0
6145,0.843,0.25
6146,0.6709,1.0
6147,0.05315,1.0
6148,0.56575,0.0
6149,0.53635,0.0278
6150,0.3369,0.9686
6151,0.8373,0.64095
6152,0.88005,0.0
6153,0.6112,0.0
6154,0.42275,0.4635
6155,0.0415,0.1221
6156,0.10865,0.25
6157,0.5191,0.4384
6158,0.6732,0.50725
6159,0.8559,0.1136
6160,0.6281,0.0989
6161,0.35585,1.0
6162,0.3913,0.0
6163,0.021,0.0
6164,0.12115,0.7381
6165,0.6071,0.1629
6166,0.93205,0.0
6167,0.4741,0.0
6168,0.83825,0.0638
6169,0.5375,0.25
6170,0.34955,0.2055
6171,0.4342,0.44285
6172,0.91825,0.6009
6173,0.4629,0.2714
6174,0.6317,0.00025
6175,0.41245,0.0728
6176,0.10565,0.16065
6177,0.61135,1.0
6178,0.82305,0.65085
6179,0.1777,0.7568
6180,0.4651,0.75005
6181,0.56615,0.0
6182,0.35875,0.0
6183,0.36325,0.77915
6184,0.8403,0.5992
6185,0.3692,0.60105
6186,0.4361,0.0
6187,0.75485,0.6827
6188,0.68635,0.35515
6189,0.31885,0.0
6190,0.0993,0.54545
6191,0.48605,0.0096
6192,0.324,0.0
6193,0.48385,0.0
6194,0.27605,0.0
6195,0.1774,0.6262
6196,0.2975,0.07345
6197,0.2063,0.0
6198,0.7613,0.3177
6199,0.72875,0.98505
6200,0.9059,0.99995
6201,0.24575,0.18665
6202,0.4866,0.8098
6203,0.3016,0.01385
6204,0.38745,0.12505
6205,0.5246,0.48095
6206,0.0139,0.508
6207,0.23405,0.0601
6208,0.2231,0.0
6209,0.38755,1.0
6210,0.17705,0.0
6211,0.61565,0.99495
6212,0.7384,0.97915
6213,0.20145,0.0
6214,0.2638,0.25
6215,0.2135,0.52985
6216,0.01975,0.0
6217,0.37035,0.0
6218,0.96475,1.0
6219,0.66135,1.0
6220,0.2883,0.47185
6221,0.9171,0.00765
6222,0.6709,0.25
6223,0.8655,0.48655
6224,0.40475,0.0475
6225,0.3235,0.0006
6226,0.47075,0.729
6227,0.84755,0.0
6228,0.43715,0.2994
6229,0.72905,1.0
6230,0.5603,0.0
6231,0.3819,0.5267
6232,0.22355,0.0
6233,0.45995,0.0
6234,0.21295,0.49265
6235,0.6827,0.5
6236,0.2984,0.00245
6237,0.93345,1.0
6238,0.4213,1.0
6239,0.953,0.9928
6240,0.7263,0.0
6241,0.32535,0.0
6242,0.00635,0.033
6243,0.1847,0.4682
6244,0.60535,0.0
6245,0.1819,1.0
6246,0.9367,0.0
6247,0.2209,0.0
6248,0.71915,0.10955
6249,0.7524,0.0
6250,0.46135,0.2652
6251,0.41705,0.00075
6252,0.81875,0.0
6253,0.3328,0.86155
6254,0.02445,0.0409
6255,0.31025,0.0
6256,0.0823,0.062
6257,0.07955,0.4222
6258,0.27095,0.98365
6259,0.4629,0.32525
6260,0.83895,0.85395
6261,0.9644,1.0
6262,0.3758,0.63645
6263,0.3863,0.626
6264,0.4305,0.04375
6265,0.553,1.0
6266,0.17885,0.5048
6267,0.22015,0.0
6268,0.50295,0.193
6269,0.1074,0.7693
6270,0.38315,0.0
6271,0.638,1.0
6272,0.66555,0.4811
6273,0.9884,0.23435
6274,0.52605,0.3831
6275,0.42035,0.3998
6276,0.10125,0.0
6277,0.88025,0.0002
6278,0.60635,0.42105
6279,0.8707,0.0467
6280,0.268,0.0
6281,0.75505,0.1317
6282,0.12355,0.3567
6283,0.21155,0.33535
6284,0.49655,0.4559
6285,0.1602,0.0015
6286,0.8476,0.12685
6287,0.5226,0.9995
6288,0.90965,0.0171
6289,0.87615,0.02225
6290,0.46415,0.18045
6291,0.7343,0.68515
6292,0.8715,0.99945
6293,0.2413,0.0
6294,0.9251,0.0
6295,0.4652,0.47085
6296,0.4407,0.6321
6297,0.23275,0.0004
6298,0.16795,0.0627
6299,0.1626,0.0
6300,0.18075,0.0
6301,0.2373,1.0
6302,0.7174,0.5517
6303,0.607,0.5
6304,0.43315,0.0003
6305,0.00235,0.0
6306,0.72775,0.00265
6307,0.9203,0.23045
6308,0.6317,0.432
6309,0.05045,0.30705
6310,0.54705,0.06495
6311,0.71535,0.0143
6312,0.1905,0.0824
6313,0.6788,0.2849
6314,0.3389,0.3327
6315,0.65855,0.0005
6316,0.81565,0.9921
6317,0.26045,0.0
6318,0.13005,0.5888
6319,0.12895,0.27195
6320,0.76935,0.0
6321,0.1411,0.9704
6322,0.49265,0.6487
6323,0.3564,0.0
6324,0.96795,0.9974
6325,0.62085,0.0
6326,0.58155,0.7738
6327,0.1466,0.76225
6328,0.19725,0.52945
6329,0.07895,0.0
6330,0.3243,0.0
6331,0.90585,0.6635
6332,0.5463,0.0
6333,0.11,0.00305
6334,0.58995,0.0035
6335,0.456,0.00015
6336,0.2892,0.4785
6337,0.49755,0.79725
6338,0.85385,0.0
6339,0.85855,1.0
6340,0.62145,0.99995
6341,0.0164,0.1096
6342,0.17995,0.123
6343,0.62645,1.0
6344,0.22125,0.07
6345,0.3694,0.4732
6346,0.2761,0.00145
6347,0.07315,0.4585
6348,0.5334,0.0
6349,0.4749,1.0
6350,0.86875,1.0
6351,0.3356,0.394
6352,0.79045,0.24555
6353,0.71835,0.5166
6354,0.54985,1.0
6355,0.36345,0.0
6356,0.33345,0.17055
6357,0.5281,0.18915
6358,0.8668,1.0
6359,0.50905,0.3171
6360,0.7053,0.04485
6361,0.3914,0.0
6362,0.8347,0.5
6363,0.4116,0.1406
6364,0.3417,0.0052
6365,0.84835,0.0
6366,0.51105,0.0
6367,0.5034,0.0
6368,0.47135,0.0
6369,0.92555,0.409
6370,0.30385,0.0336
6371,0.2106,0.1092
6372,0.40925,0.0
6373,0.45645,0.03795
6374,0.12245,0.72995
6375,0.30005,0.66615
6376,0.87035,1.0
6377,0.8283,0.31675
6378,0.59555,0.6773
6379,0.72265,0.0
6380,0.03945,1.0
6381,0.1791,0.4364
6382,0.39755,0.25
6383,0.0833,0.83745
6384,0.31615,0.0
6385,0.6998,0.92485
6386,0.47825,0.63335
6387,0.86505,0.0
6388,0.91205,0.0082
6389,0.6113,0.5167
6390,0.3038,0.6022
6391,0.79565,0.00205
6392,0.3049,0.0042
6393,0.7262,0.0506
6394,0.5152,1.0
6395,0.47245,0.56445
6396,0.2817,0.53495
6397,0.1409,0.25
6398,0.0315,0.2437
6399,0.37425,1.0
6400,0.2642,0.0007
6401,0.21245,0.0
6402,0.70185,0.00065
6403,0.39465,0.21815
6404,0.17015,0.3104
6405,0.31675,0.0
6406,0.42075,0.0
6407,0.1095,0.0008
6408,0.10615,5.0e-5
6409,0.77555,0.1661
6410,0.4299,0.6844
6411,0.4205,0.41135
6412,0.47315,0.8426
6413,0.17505,0.8865
6414,0.38215,0.26445
6415,0.5816,0.1568
6416,0.5089,0.0
6417,0.5406,0.0
6418,0.06945,0.0
6419,0.9487,0.25
6420,0.1204,0.8264
6421,0.31885,0.0
6422,0.9703,1.0
6423,0.60745,0.626
6424,0.75435,0.34995
6425,0.3937,0.1028
6426,0.8264,0.71035
6427,0.6978,0.02935
6428,0.8185,1.0
6429,0.21715,0.3626
6430,0.7536,1.0
6431,0.42255,0.0
6432,0.77705,1.0
6433,0.12475,0.0
6434,0.72695,0.6511
6435,0.3682,0.75
6436,0.28505,0.23445
6437,0.6938,0.21025
6438,0.13195,0.0
6439,0.1444,0.0
6440,0.09725,0.15815
6441,0.63065,0.3041
6442,0.4478,0.0
6443,0.6621,0.00595
6444,0.48865,0.00035
6445,0.3854,0.74045
6446,0.7854,0.05285
6447,0.0067,0.0
6448,0.76565,0.1725
6449,0.375,0.5
6450,0.0759,0.0
6451,0.75625,0.30385
6452,0.5185,0.0039
6453,0.7802,0.94495
6454,0.6383,1.0
6455,0.5927,0.7002
6456,0.54325,0.0907
6457,0.2377,0.9695
6458,0.4496,1.0
6459,0.272,0.0
6460,0.188,0.07405
6461,0.26775,0.0
6462,0.77955,0.90975
6463,0.661,0.20125
6464,0.63555,0.0
6465,0.5329,0.737
6466,0.82415,0.0
6467,0.1808,0.0
6468,0.59315,0.24735
6469,0.4557,0.25045
6470,0.89895,1.0
6471,0.6643,0.0002
6472,0.911,0.0532
6473,0.37685,0.2032
6474,0.087,0.15245
6475,0.414,0.25
6476,0.619,0.871
6477,0.4878,0.9241
6478,0.46255,1.0
6479,0.62365,0.08345
6480,0.34835,0.0
6481,0.88605,1.0
6482,0.885,0.99695
6483,0.9115,0.4584
6484,0.6049,0.0
6485,0.593,1.0
6486,0.8073,0.0
6487,0.2664,0.0
6488,0.3571,0.64645
6489,0.60095,0.39195
6490,0.65415,1.0
6491,0.5119,0.0
6492,0.62705,0.9051
6493,0.36825,0.7025
6494,0.79835,0.43465
6495,0.28945,0.0
6496,0.2035,0.1759
6497,0.24215,0.0
6498,0.036,0.0
6499,0.46035,0.08045
6500,0.009,0.0
6501,0.9138,1.0
6502,0.7032,0.7263
6503,0.7729,1.0
6504,0.4082,0.00025
6505,0.21635,0.1908
6506,0.59635,0.6665
6507,0.8447,0.99915
6508,0.14415,0.0
6509,0.80135,0.90135
6510,0.7153,0.99985
6511,0.44605,0.59545
6512,0.3732,0.53565
6513,0.36805,0.0
6514,0.4068,0.2654
6515,0.8931,0.5959
6516,0.32325,0.99855
6517,0.53455,0.0
6518,0.0628,0.0001
6519,0.3972,0.0515
6520,0.35375,0.15695
6521,0.67485,0.2524
6522,0.4277,0.62085
6523,0.48675,0.4882
6524,0.40195,0.0
6525,0.3779,0.0168
6526,0.5186,1.0
6527,0.61245,0.3021
6528,0.63085,0.7041
6529,0.70665,0.0
6530,0.67565,1.0
6531,0.89795,0.61275
6532,0.8043,0.0843
6533,0.34455,0.00285
6534,0.60275,0.03885
6535,0.3172,0.94555
6536,0.78205,1.0
6537,0.5174,0.0
6538,0.14455,0.0
6539,0.8697,0.80375
6540,0.03845,0.0931
6541,0.33235,0.4629
6542,0.2443,0.01585
6543,0.27115,0.3021
6544,0.11705,0.0
6545,0.2945,0.26155
6546,0.20345,0.25
6547,0.2357,0.47635
6548,0.3906,0.9006
6549,0.7008,0.7428
6550,0.5198,0.0296
6551,0.7792,0.4045
6552,0.6647,1.0
6553,0.2213,0.1854
6554,0.67295,0.00115
6555,0.4987,0.03395
6556,0.2038,0.0
6557,0.51255,1.0
6558,0.4448,0.701
6559,0.18535,0.0304
6560,0.56415,0.25
6561,0.45275,0.00155
6562,0.49285,0.14855
6563,0.0565,0.0
6564,0.4924,0.0
6565,0.89335,0.69945
6566,0.48715,0.2901
6567,0.7052,1.0
6568,0.7123,0.1997
6569,0.9891,1.0
6570,0.5892,0.5
6571,0.5361,0.00475
6572,0.23825,0.00045
6573,0.38765,0.0
6574,0.28365,0.0
6575,0.73245,0.9399
6576,0.79005,0.0
6577,0.43555,0.50295
6578,0.64555,0.3057
6579,0.0914,0.0
6580,0.12465,0.0009
6581,0.07585,0.0
6582,0.94805,0.6241
6583,0.49055,0.0
6584,0.2769,0.99875
6585,0.17825,0.3328
6586,0.4968,0.0
6587,0.27435,0.19465
6588,0.7209,1.0
6589,0.3581,1.0
6590,0.36775,0.0
6591,0.3817,0.0
6592,0.4211,0.55505
6593,0.8967,0.35385
6594,0.88775,0.9593
6595,0.37515,0.32925
6596,0.89115,0.8277
6597,0.04155,0.99995
6598,0.57235,0.99885
6599,0.78805,1.0
6600,0.27095,0.0
6601,0.50755,0.0
6602,0.5119,0.0
6603,0.4277,0.5
6604,0.57605,0.5165
6605,0.1737,0.9745
6606,0.90905,0.0049
6607,0.79635,0.24435
6608,0.3658,0.86685
6609,0.2938,0.814
6610,0.34815,0.00345
6611,0.3976,0.01055
6612,0.55145,0.4957
6613,0.17705,0.98815
6614,0.68325,0.0
6615,0.3699,0.00045
6616,0.71185,0.4444
6617,0.6284,1.0
6618,0.1955,0.0307
6619,0.38825,0.0
6620,0.5755,0.9999
6621,0.56875,0.0029
6622,0.84285,0.3379
6623,0.88125,0.0
6624,0.7566,0.74555
6625,0.25325,0.8618
6626,0.76605,1.0
6627,0.0799,0.0
6628,0.0821,0.0238
6629,0.9868,0.0213
6630,0.6525,0.29955
6631,0.25385,0.2881
6632,0.7583,0.29435
6633,0.50245,0.6437
6634,0.4208,0.80735
6635,0.2631,0.1999
6636,0.3655,0.0042
6637,0.9376,1.0
6638,0.9189,0.1353
6639,0.55,0.1889
6640,0.5084,0.99215
6641,0.84885,0.59275
6642,0.39245,0.2165
6643,0.86555,0.6225
6644,0.6183,0.29195
6645,0.5388,1.0
6646,0.2631,0.25
6647,0.6367,0.03865
6648,0.26095,1.0
6649,0.81695,0.82005
6650,0.39585,0.00465
6651,0.12125,0.0797
6652,0.49435,0.0368
6653,0.61695,0.5063
6654,0.3381,0.5
6655,0.86335,0.3373
6656,0.65915,0.0
6657,0.53955,0.98665
6658,0.12285,0.0
6659,0.2291,1.0
6660,0.5763,0.25
6661,0.78105,0.74045
6662,0.1819,0.0
6663,0.039,0.1042
6664,0.3155,0.00945
6665,0.24835,0.4216
6666,0.05725,0.30665
6667,0.32665,0.5
6668,0.9063,0.3631
6669,0.3751,0.0035
6670,0.7244,0.72995
6671,0.37685,0.37485
6672,0.02535,0.0
6673,0.1081,0.2363
6674,0.40025,0.11915
6675,0.5728,0.42915
6676,0.82275,0.0
6677,0.02085,0.71705
6678,0.3376,0.0
6679,0.61155,0.37055
6680,0.6438,0.0
6681,0.42015,0.92095
6682,0.5354,0.0
6683,0.34145,1.0
6684,0.16635,0.1353
6685,0.6745,0.0434
6686,0.41265,0.13545
6687,0.49155,0.9549
6688,0.2424,0.85815
6689,0.31675,0.60905
6690,0.63525,0.0
6691,0.6337,0.1219
6692,0.18005,0.5934
6693,0.8996,0.9973
6694,0.18195,0.9994
6695,0.6755,0.0
6696,0.0874,0.26975
6697,0.79425,1.0
6698,0.40305,0.0
6699,0.3277,0.03705
6700,0.74405,0.4935
6701,0.5994,0.3705
6702,0.6636,0.9991
6703,0.18495,0.0
6704,0.60775,0.9783
6705,0.9645,0.0444
6706,0.935,0.0
6707,0.9313,0.8684
6708,0.05675,0.0
6709,0.4599,0.5
6710,0.2296,0.16565
6711,0.88745,1.0
6712,0.7404,0.356
6713,0.63695,0.92465
6714,0.0819,0.0
6715,0.82325,0.2447
6716,0.37355,0.25635
6717,0.6199,0.25
6718,0.0987,0.5
6719,0.4672,0.0
6720,0.16105,0.6048
6721,0.57945,0.00225
6722,0.08655,0.0
6723,0.7617,0.0
6724,0.59875,0.2528
6725,0.29205,0.0013
6726,0.52045,0.37755
6727,0.01255,0.0
6728,0.73895,0.77075
6729,0.0848,0.5098
6730,0.46265,0.0012
6731,0.95085,0.16055
6732,0.67485,0.0
6733,0.52335,0.0495
6734,0.6257,0.03175
6735,0.01605,0.0
6736,0.8985,0.0
6737,0.44185,1.0
6738,0.7266,0.3484
6739,0.5145,1.0
6740,0.69685,0.25
6741,0.7693,0.0
6742,0.471,0.0
6743,0.1501,0.80625
6744,0.2763,0.89475
6745,0.5388,0.0
6746,0.62555,0.09965
6747,0.76,0.75
6748,0.2728,0.0
6749,0.33655,0.7052
6750,0.6124,0.73585
6751,0.2279,0.53685
6752,0.6941,0.66575
6753,0.0273,1.0
6754,0.5566,0.5257
6755,0.46855,0.0
6756,0.48205,0.0
6757,0.58625,0.26945
6758,0.6739,0.7382
6759,0.193,0.0019
6760,0.48775,0.2014
6761,0.20445,0.0
6762,0.2776,0.01945
6763,0.0208,0.0
6764,0.31015,0.26535
6765,0.81755,0.0
6766,0.15375,0.55215
6767,0.33965,0.10255
6768,0.20275,0.70225
6769,0.8411,0.03125
6770,0.3412,0.0292
6771,0.35425,0.0
6772,0.55865,0.09545
6773,0.06095,0.0
6774,0.82815,1.0
6775,0.43445,0.34435
6776,0.20855,0.00625
6777,0.03465,0.5
6778,0.06175,0.0
6779,0.5771,0.3483
6780,0.5224,0.0024
6781,0.49975,0.05045
6782,0.29425,0.0
6783,0.56815,0.0007
6784,0.11875,0.35885
6785,0.7507,0.064
6786,0.4067,0.0
6787,0.3273,0.01095
6788,0.03325,0.79035
6789,0.05755,0.0
6790,0.9815,1.0
6791,0.2569,0.0
6792,0.23265,0.0
6793,0.2321,0.4829
6794,0.51295,0.0
6795,0.68985,0.64035
6796,0.33405,0.00015
6797,0.7528,0.0
6798,0.5977,0.0
6799,0.8731,0.12345
6800,0.3801,0.0
6801,0.18765,0.0
6802,0.058,0.216
6803,0.13835,0.3463
6804,0.276,0.0
6805,0.48685,0.0594
6806,0.1923,0.6863
6807,0.63415,0.7881
6808,0.26075,0.0372
6809,0.3468,0.0
6810,0.97785,0.98775
6811,0.34285,0.1342
6812,0.32005,0.5863
6813,0.9956,1.0
6814,0.6505,0.9916
6815,0.64065,0.93635
6816,0.39235,0.0
6817,0.94795,0.7677
6818,0.65235,0.39535
6819,0.80245,1.0
6820,0.6555,0.0
6821,0.12185,0.25
6822,0.3443,0.0
6823,0.77385,1.0
6824,0.7605,0.25
6825,0.1054,0.0
6826,0.4415,1.0
6827,0.90205,0.25
6828,0.1724,0.0
6829,0.00245,0.0
6830,0.69535,0.08225
6831,0.4624,0.01255
6832,0.44685,0.5
6833,0.22365,0.10615
6834,0.0487,0.94115
6835,0.10035,0.8251
6836,0.40925,0.0
6837,0.5403,0.196
6838,0.2983,0.0
6839,0.32235,0.0
6840,0.0907,1.0
6841,0.39735,0.00175
6842,0.93825,1.0
6843,0.5254,0.0
6844,0.0205,0.00765
6845,0.494,0.25
6846,0.16125,0.01455
6847,0.08285,0.0
6848,0.52045,0.31515
6849,0.5839,0.1331
6850,0.3489,0.50435
6851,0.4201,0.5
6852,0.7058,0.23125
6853,0.0489,0.0
6854,0.41045,0.37215
6855,0.2549,0.5336
6856,0.164,0.85085
6857,0.69635,1.0
6858,0.13155,0.0
6859,0.61455,0.6396
6860,0.13195,0.0
6861,0.3836,0.96405
6862,0.26145,0.99855
6863,0.90105,0.84165
6864,0.28965,0.0748
6865,0.7752,0.99695
6866,0.20645,0.0
6867,0.51275,1.0
6868,0.70045,0.82515
6869,0.15045,0.429
6870,0.18135,0.3146
6871,0.08015,0.0
6872,0.15435,0.0
6873,0.68265,0.87195
6874,0.9982,0.8561
6875,0.01085,0.0
6876,0.9897,1.0
6877,0.2037,0.0
6878,0.1843,0.5
6879,0.4366,0.1303
6880,0.2476,0.0
6881,0.773,1.0
6882,0.3191,0.0
6883,0.5954,0.9908
6884,0.33335,0.0
6885,0.1106,0.07305
6886,0.71795,0.2054
6887,0.111,0.0
6888,0.53575,0.9585
6889,0.56645,0.6299
6890,0.79785,0.8817
6891,0.43785,0.2841
6892,0.32185,0.5326
6893,0.7579,0.7493
6894,0.73125,0.25
6895,0.801,0.95335
6896,0.2723,0.0
6897,0.93785,1.0
6898,0.12115,0.0
6899,0.6344,5.0e-5
6900,0.3124,0.0
6901,0.6383,0.3575
6902,0.19655,0.3364
6903,0.66945,0.0001
6904,0.58855,1.0
6905,0.762,0.99445
6906,0.71795,0.19945
6907,0.63025,0.6417
6908,0.806,0.5995
6909,0.38185,0.07675
6910,0.37265,0.9831
6911,0.74575,0.0206
6912,0.92275,1.0
6913,0.8962,0.25
6914,0.2042,0.0006
6915,0.4647,0.0007
6916,0.9295,1.0
6917,0.4944,0.0
6918,0.7752,0.08005
6919,0.4304,0.0
6920,0.90705,0.31025
6921,0.57795,0.25
6922,0.40935,0.37255
6923,0.5675,0.56735
6924,0.87085,0.698
6925,0.00565,0.0002
6926,0.5305,0.0
6927,0.98985,1.0
6928,0.04235,0.83295
6929,0.2776,0.0
6930,0.41885,0.5708
6931,0.2926,0.7279
6932,0.31475,0.38375
6933,0.04765,0.0007
6934,0.6896,0.0
6935,0.84765,0.5
6936,0.7479,0.99955
6937,0.00775,0.2777
6938,0.5836,0.9999
6939,0.3895,0.0
6940,0.6937,0.28215
6941,0.90725,1.0
6942,0.52955,0.0
6943,0.35465,0.0
6944,0.35125,0.0
6945,0.6617,0.9973
6946,0.4573,0.625
6947,0.17825,0.39305
6948,0.04415,0.64075
6949,0.74925,0.0
6950,0.54725,0.27135
6951,0.6624,0.07425
6952,0.1516,0.0
6953,0.2067,0.3363
6954,0.35585,0.84315
6955,0.68215,0.46235
6956,0.8026,0.6132
6957,0.2124,0.00755
6958,0.3493,0.0
6959,0.684,0.0
6960,0.7921,0.99725
6961,0.7461,0.3354
6962,0.1474,0.05325
6963,0.73045,0.9986
6964,0.46345,0.00695
6965,0.0992,0.00015
6966,0.9471,1.0
6967,0.28025,0.17205
6968,0.1813,0.00955
6969,0.2221,0.0208
6970,0.58885,0.0
6971,0.49565,5.0e-5
6972,0.4701,0.87815
6973,0.6523,0.4212
6974,0.7106,0.0
6975,0.9029,0.34825
6976,0.5991,0.10075
6977,0.0922,0.74305
6978,0.10535,0.0308
6979,0.0684,0.0286
6980,0.10565,0.0
6981,0.24555,0.0
6982,0.4153,0.99165
6983,0.41805,0.4746
6984,0.39315,0.0
6985,0.70685,0.05855
6986,0.8685,0.0436
6987,0.6441,0.16505
6988,0.04385,0.0
6989,0.61195,1.0
6990,0.08825,0.0
6991,0.54545,0.4792
6992,0.5175,0.99915
6993,0.7148,1.0
6994,0.5527,0.0002
6995,0.6541,0.75
6996,0.7093,0.0
6997,0.613,0.4053
6998,0.0377,0.0
6999,0.4755,0.25
7000,0.13895,0.0
7001,0.01885,0.0
7002,0.52615,0.93545
7003,0.482,0.2351
7004,0.8876,0.0
7005,0.66735,0.5
7006,0.74035,0.0
7007,0.7813,1.0
7008,0.0359,0.0
7009,0.4295,0.0
7010,0.14355,0.0
7011,0.08355,0.0046
7012,0.34635,0.13155
7013,0.6364,0.3725
7014,0.9962,1.0
7015,0.31715,0.98905
7016,0.43135,0.0
7017,0.3448,0.34845
7018,0.9932,0.98295
7019,0.22215,5.0e-5
7020,0.7201,0.34805
7021,0.2272,0.00585
7022,0.31875,0.0
7023,0.10605,0.25
7024,0.458,0.70775
7025,0.2469,0.9952
7026,0.60005,0.8788
7027,0.2914,0.0
7028,0.1234,0.5764
7029,0.28595,0.0001
7030,0.9107,0.0
7031,0.68555,0.99945
7032,0.621,0.8374
7033,0.06715,1.0
7034,0.6414,0.61155
7035,0.5281,0.03645
7036,0.752,0.0095
7037,0.46645,0.0
7038,0.50625,0.01055
7039,0.05675,0.0
7040,0.48705,0.4993
7041,0.74095,0.4521
7042,0.9344,0.48695
7043,0.5941,0.3045
7044,0.0672,0.0011
7045,0.5015,0.2682
7046,0.3081,0.0
7047,0.06815,0.0
7048,0.1818,0.5
7049,0.27675,0.4973
7050,0.4191,0.71805
7051,0.5103,0.4914
7052,0.1568,0.2989
7053,0.3134,0.06705
7054,0.82985,0.95215
7055,0.61755,0.2676
7056,0.6101,0.0172
7057,0.8583,0.5297
7058,0.137,0.0
7059,0.43105,0.3245
7060,0.2443,0.0
7061,0.67305,0.9831
7062,0.74245,1.0
7063,0.01495,0.0
7064,0.76465,0.4017
7065,0.9288,0.0
7066,0.53875,0.32705
7067,0.5139,0.1259
7068,0.18005,0.3874
7069,0.86435,0.0
7070,0.1993,0.0
7071,0.60425,0.0021
7072,0.45435,0.44555
7073,0.16155,0.5
7074,0.85635,0.52635
7075,0.5935,0.20285
7076,0.74785,1.0
7077,0.6309,0.37905
7078,0.45605,0.0011
7079,0.28845,0.6003
7080,0.0166,0.1408
7081,0.40695,0.5
7082,0.45875,0.0
7083,0.29955,0.0
7084,0.4536,0.56465
7085,0.1027,0.0
7086,0.1902,0.0
7087,0.61935,0.0
7088,0.2246,0.28535
7089,0.39925,1.0
7090,0.0604,0.14235
7091,0.29425,0.0
7092,0.2854,0.80555
7093,0.8992,1.0
7094,0.01905,0.0673
7095,0.0243,0.0
7096,0.4954,0.0
7097,0.16695,0.0
7098,0.96745,0.99805
7099,0.4754,0.30855
7100,0.16335,0.1769
7101,0.72245,0.0
7102,0.3183,0.6967
7103,0.96185,1.0
7104,0.3047,0.0167
7105,0.05105,0.0
7106,0.16815,0.0795
7107,0.19015,0.3952
7108,0.2588,0.0
7109,0.88085,0.00925
7110,0.10525,0.2272
7111,0.8477,0.98255
7112,0.5996,0.0
7113,0.7343,0.2519
7114,0.7722,0.9492
7115,0.4309,1.0
7116,0.96245,0.9032
7117,0.4476,0.46665
7118,0.10925,0.0001
7119,0.17175,0.2767
7120,0.50005,0.0
7121,0.66635,0.0
7122,0.996,1.0
7123,0.14565,0.08785
7124,0.7428,0.25
7125,0.65605,0.00025
7126,0.79235,1.0
7127,0.5726,0.99865
7128,0.293,0.26715
7129,0.6484,0.5
7130,0.73065,0.89925
7131,0.07745,0.0
7132,0.1362,0.14905
7133,0.09395,0.22495
7134,0.43935,0.00465
7135,0.4216,0.0
7136,0.8535,0.25
7137,0.317,0.72165
7138,0.40315,0.1197
7139,0.2149,0.7813
7140,0.6031,0.4989
7141,0.34215,0.049
7142,0.62595,0.0035
7143,0.4736,0.00425
7144,0.74225,0.96555
7145,0.8213,0.04565
7146,0.9891,0.9999
7147,0.81225,0.358
7148,0.70165,0.0
7149,0.36025,0.782
7150,0.77785,0.87345
7151,0.7384,1.0
7152,0.07675,0.13085
7153,0.24665,0.0
7154,0.77785,0.66955
7155,0.8337,1.0
7156,0.6742,5.0e-5
7157,0.9144,0.5475
7158,0.09135,0.37935
7159,0.09085,0.0
7160,0.45085,0.53305
7161,0.3394,0.3516
7162,0.04335,0.6201
7163,0.3259,0.0
7164,0.334,0.25
7165,0.29,0.32865
7166,0.86305,1.0
7167,0.39065,0.0
7168,0.39115,0.9859
7169,0.206,0.0
7170,0.02455,0.00215
7171,0.1511,0.0
7172,0.31855,0.0
7173,0.4634,0.9395
7174,0.1726,0.6385
7175,0.5751,0.0183
7176,0.66085,0.0
7177,0.8657,1.0
7178,0.2561,0.5139
7179,0.49795,0.28075
7180,0.9381,0.0
7181,0.37795,0.0
7182,0.95425,0.9264
7183,0.22975,0.0
7184,0.9348,0.0
7185,0.14395,0.00035
7186,0.8481,0.94425
7187,0.1133,0.0
7188,0.44465,0.02735
7189,0.5319,0.36915
7190,0.0512,0.0
7191,0.73335,1.0
7192,0.20425,0.75
7193,0.1689,0.0
7194,0.09355,0.6016
7195,0.0483,0.0
7196,0.5126,0.01455
7197,0.5378,0.3449
7198,0.24095,0.5616
7199,0.4943,0.76065
7200,0.36085,0.61975
7201,0.09425,0.00515
7202,0.2436,0.0
7203,0.64445,0.0
7204,0.6235,0.0003
7205,0.69525,0.65405
7206,0.6575,0.9771
7207,0.12185,0.0
7208,0.1528,0.99725
7209,0.46285,0.1532
7210,0.86745,0.6603
7211,0.28215,0.5
7212,0.60485,0.0
7213,0.47265,0.91665
7214,0.47885,0.5
7215,0.52895,0.87615
7216,0.1836,0.0
7217,0.4208,0.4441
7218,0.25495,0.9435
7219,0.26815,0.0
7220,0.1573,0.0
7221,0.4351,0.8398
7222,0.39235,0.1135
7223,0.38,0.86975
7224,0.5686,0.96245
7225,0.10715,0.5
7226,0.0076,0.0
7227,0.9094,0.01045
7228,0.7273,0.93515
7229,0.8633,0.5
7230,0.4506,0.0
7231,0.31065,0.0
7232,0.34945,0.0
7233,0.64025,0.2545
7234,0.5373,0.5543
7235,0.31375,0.0
7236,0.648,0.5
7237,0.7272,1.0
7238,0.24165,0.0
7239,0.45035,0.05215
7240,0.78805,0.72935
7241,0.4237,0.56915
7242,0.832,0.7895
7243,0.22615,0.99585
7244,0.45375,0.3945
7245,0.0165,5.0e-5
7246,0.12425,0.47995
7247,0.21785,0.25
7248,0.11075,0.73875
7249,0.0286,0.8718
7250,0.7284,0.36535
7251,0.40895,0.3863
7252,0.16735,0.10925
7253,0.3507,0.2782
7254,0.5449,0.0
7255,0.14675,0.45065
7256,0.4744,0.2598
7257,0.75915,0.0004
7258,0.0453,0.16385
7259,0.60755,0.53985
7260,0.98745,1.0
7261,0.25575,0.25
7262,0.23635,0.7321
7263,0.62445,0.22415
7264,0.2236,0.0
7265,0.4469,0.84815
7266,0.06255,0.0
7267,0.7333,0.01385
7268,0.33435,0.31205
7269,0.88365,0.6063
7270,0.21135,0.0
7271,0.2635,0.25
7272,0.7257,0.31425
7273,0.46475,0.0001
7274,0.2657,0.86075
7275,0.3787,0.13755
7276,0.39685,0.0
7277,0.52665,0.00335
7278,0.51765,0.0
7279,0.11395,0.0
7280,0.393,0.21675
7281,0.02105,0.0
7282,0.23985,1.0
7283,0.65325,0.0
7284,0.1666,0.7686
7285,0.477,0.00035
7286,0.59235,0.1478
7287,0.7291,0.0
7288,0.2782,0.3038
7289,0.50975,0.7128
7290,0.36175,0.25
7291,0.1195,0.0032
7292,0.2983,0.0
7293,0.7408,0.981
7294,0.32795,0.35555
7295,0.18825,0.5491
7296,0.74985,0.97895
7297,0.7183,0.2766
7298,0.1124,0.4716
7299,0.0732,0.021
7300,0.73405,0.75725
7301,0.56165,0.6296
7302,0.98935,0.0807
7303,0.15895,5.0e-5
7304,0.3381,0.30365
7305,0.5924,0.20225
7306,0.8707,0.0
7307,0.4781,0.591
7308,0.0917,0.3653
7309,0.6029,0.79765
7310,0.71555,0.0843
7311,0.2165,0.9362
7312,0.44655,0.09555
7313,0.7113,0.13515
7314,0.2661,0.0
7315,0.60505,0.1028
7316,0.56265,0.39235
7317,0.49865,0.0
7318,0.4088,0.0
7319,0.2706,0.0
7320,0.31715,0.7176
7321,0.7457,0.3097
7322,0.75835,0.00115
7323,0.95995,0.3319
7324,0.6984,0.9994
7325,0.1428,0.1603
7326,0.9004,0.6156
7327,0.9417,0.98235
7328,0.6535,0.25765
7329,0.46875,0.78955
7330,0.8245,0.2523
7331,0.15315,1.0
7332,0.10055,0.0056
7333,0.3336,0.95255
7334,0.65325,0.01015
7335,0.56805,0.39315
7336,0.8984,0.0
7337,0.31945,0.0
7338,0.72945,0.0002
7339,0.475,0.2913
7340,0.33485,0.1769
7341,0.94985,1.0
7342,0.76455,1.0
7343,0.6174,0.1135
7344,0.05345,0.5
7345,0.55225,0.6388
7346,0.5659,0.02895
7347,0.50785,0.0
7348,0.30785,0.0
7349,0.38485,1.0
7350,0.5216,0.34505
7351,0.2611,0.46295
7352,0.9811,0.99995
7353,0.0671,0.0
7354,0.30435,0.0
7355,0.50545,0.0
7356,0.6045,1.0
7357,0.41735,0.99995
7358,0.77735,0.0
7359,0.0467,0.0
7360,0.9429,1.0
7361,0.88035,0.73135
7362,0.4176,0.01445
7363,0.3776,0.0
7364,0.16995,0.1949
7365,0.12095,0.6934
7366,0.03325,0.0
7367,0.08725,0.0
7368,0.1995,0.09445
7369,0.64935,0.26395
7370,0.27875,0.77015
7371,0.3516,0.32705
7372,0.40545,0.0
7373,0.1138,0.0
7374,0.7822,0.0
7375,0.8547,0.11545
7376,0.04235,0.0
7377,0.64255,1.0
7378,0.5302,0.82755
7379,0.5138,0.25
7380,0.932,1.0
7381,0.19185,0.0
7382,0.18885,0.5167
7383,0.3125,0.04885
7384,0.7136,0.8182
7385,0.52835,0.0738
7386,0.15555,0.00725
7387,0.5404,0.25
7388,0.0158,0.0041
7389,0.56405,0.0521
7390,0.91355,0.97025
7391,0.29885,0.24625
7392,0.91175,0.67965
7393,0.06445,0.7031
7394,0.65225,0.0
7395,0.62615,1.0
7396,0.0989,0.01945
7397,0.373,0.00825
7398,0.59355,0.39945
7399,0.382,0.06175
7400,0.7516,0.0119
7401,0.95715,1.0
7402,0.30255,0.0
7403,0.05955,0.3309
7404,0.8682,0.56065
7405,0.45925,0.0
7406,0.22245,0.60155
7407,0.78725,0.52045
7408,0.26195,0.66815
7409,0.32205,0.5
7410,0.7164,0.41745
7411,0.6638,0.42645
7412,0.09715,0.0313
7413,0.829,0.011
7414,0.0226,0.00175
7415,0.4829,0.2541
7416,0.8912,0.06775
7417,0.05665,0.0387
7418,0.0913,0.42085
7419,0.9967,1.0
7420,0.1807,0.0509
7421,0.3807,0.04455
7422,0.54165,0.59305
7423,0.36145,0.1473
7424,0.4173,0.0
7425,0.09325,0.0
7426,0.2217,0.67065
7427,0.91735,0.5909
7428,0.3727,0.7348
7429,0.0726,0.013
7430,0.97985,0.73225
7431,0.4753,0.0808
7432,0.7738,0.11345
7433,0.8188,0.0747
7434,0.60665,0.26555
7435,0.0475,0.25
7436,0.14205,0.00555
7437,0.8229,0.99365
7438,0.13755,0.0001
7439,0.8522,0.0
7440,0.30915,0.5882
7441,0.62175,0.6326
7442,0.12955,0.0
7443,0.2233,0.0
7444,0.4869,0.0
7445,0.6248,0.67675
7446,0.38645,0.0
7447,0.945,0.9925
7448,0.3838,0.34035
7449,0.47575,0.2821
7450,0.82255,1.0
7451,0.0329,0.31895
7452,0.65085,0.0
7453,0.9868,0.99895
7454,0.89755,0.02455
7455,0.49075,0.0
7456,0.67055,0.0099
7457,0.08085,0.0
7458,0.6096,0.0
7459,0.04185,0.51085
7460,0.4186,0.12485
7461,0.64455,0.27755
7462,0.8306,0.9202
7463,0.22435,0.0
7464,0.296,0.0184
7465,0.86425,0.05775
7466,0.8159,0.61365
7467,0.33365,0.0
7468,0.7049,1.0
7469,0.74085,0.01875
7470,0.35875,0.0008
7471,0.10485,0.0
7472,0.5574,0.76815
7473,0.5111,0.32035
7474,0.942,0.27545
7475,0.56585,0.0002
7476,0.57525,0.6616
7477,0.04255,0.42025
7478,0.5078,0.2471
7479,0.5076,0.2329
7480,0.7723,0.38685
7481,0.7842,0.0
7482,0.0586,0.06335
7483,0.26085,0.25
7484,0.13475,0.0
7485,0.5893,0.0
7486,0.0375,0.0
7487,0.5091,1.0
7488,0.12585,0.90235
7489,0.56775,0.1745
7490,0.32005,0.0
7491,0.1219,0.7329
7492,0.40945,0.0005
7493,0.3714,0.7436
7494,0.8029,0.08175
7495,0.1116,0.83965
7496,0.7357,0.25
7497,0.0747,0.0
7498,0.56415,0.0
7499,0.3475,0.0
7500,0.59005,0.6746
7501,0.141,0.0
7502,0.8188,1.0
7503,0.82195,1.0
7504,0.41355,0.5
7505,0.8642,0.42405
7506,0.9119,0.04685
7507,0.17765,0.0004
7508,0.7292,0.0555
7509,0.61015,0.5779
7510,0.0557,0.88585
7511,0.37945,0.56815
7512,0.65325,0.0366
7513,0.84405,0.8299
7514,0.63805,0.90865
7515,0.08875,0.0
7516,0.184,0.71965
7517,0.2678,0.0
7518,0.7447,0.9805
7519,0.22095,0.55825
7520,0.38655,0.9985
7521,0.49375,1.0
7522,0.71875,0.0
7523,0.1815,0.0
7524,0.53845,0.1293
7525,0.02995,0.0
7526,0.25415,0.0
7527,0.17515,0.0
7528,0.7736,0.0009
7529,0.21565,0.25
7530,0.2318,0.00125
7531,0.25285,0.0
7532,0.0992,0.99895
7533,0.15945,0.00665
7534,0.2887,0.0
7535,0.5816,0.0
7536,0.31845,0.9598
7537,0.68365,0.98585
7538,0.1962,1.0
7539,0.0088,0.00495
7540,0.2507,0.00245
7541,0.21935,0.00025
7542,0.538,0.0
7543,0.64,0.99755
7544,0.97615,1.0
7545,0.90515,0.69805
7546,0.7501,0.0268
7547,0.537,0.01895
7548,0.3249,0.3666
7549,0.09175,0.0
7550,0.152,0.02675
7551,0.2709,0.0
7552,0.6563,0.07825
7553,0.84545,0.32105
7554,0.18335,0.0
7555,0.9487,0.6195
7556,0.7303,1.0
7557,0.4089,0.0
7558,0.1145,0.01115
7559,0.29325,0.01795
7560,0.4687,1.0
7561,0.3305,0.2618
7562,0.1969,1.0
7563,0.90115,0.765
7564,0.5883,0.33565
7565,0.0639,0.8705
7566,0.66185,0.9845
7567,0.33655,0.0
7568,0.5793,0.58315
7569,0.4267,0.99975
7570,0.4612,0.00445
7571,0.91635,0.96765
7572,0.41175,0.0
7573,0.76695,0.0
7574,0.28765,0.06335
7575,0.3532,0.65925
7576,0.0129,0.0
7577,0.29925,0.10555
7578,0.1242,0.996
7579,0.06175,0.23005
7580,0.53385,0.25
7581,0.3423,0.0
7582,0.10525,0.18505
7583,0.38505,0.0
7584,0.71895,0.78855
7585,0.5986,0.0
7586,0.84215,0.48865
7587,0.5205,0.5
7588,0.05005,0.06705
7589,0.57655,1.0
7590,0.7338,0.0
7591,0.5522,0.0881
7592,0.23135,0.0
7593,0.78025,0.4731
7594,0.34975,0.7871
7595,0.08125,0.00015
7596,0.33745,0.0943
7597,0.8234,0.99845
7598,0.0914,0.5
7599,0.26825,0.00465
7600,0.22,0.0
7601,0.33075,0.75
7602,0.79875,0.4918
7603,0.55275,0.1333
7604,0.72085,0.8686
7605,0.804,1.0
7606,0.03155,0.0
7607,0.43835,0.25
7608,0.29755,0.0
7609,0.8359,0.6283
7610,0.0218,0.0
7611,0.4218,0.61975
7612,0.7598,0.0002
7613,0.2962,0.5198
7614,0.61445,0.5177
7615,0.91485,1.0
7616,0.56615,0.93625
7617,0.6284,0.25
7618,0.51925,0.5
7619,0.4246,0.0063
7620,0.35435,0.2776
7621,0.05335,5.0e-5
7622,0.3701,0.0
7623,0.4719,0.0
7624,0.824,0.79775
7625,0.19305,0.99445
7626,0.57195,0.5
7627,0.94005,1.0
7628,0.7364,0.44435
7629,0.61125,1.0
7630,0.2111,0.49675
7631,0.9857,1.0
7632,0.47385,0.8686
7633,0.51855,0.82915
7634,0.823,0.5711
7635,0.08385,0.2768
7636,0.52445,0.5539
7637,0.3622,0.5
7638,0.66215,0.7448
7639,0.101,0.1501
7640,0.70825,0.53915
7641,0.0367,0.51525
7642,0.15335,0.0
7643,0.35995,0.9841
7644,0.0915,0.889
7645,0.4719,0.99315
7646,0.51685,0.0015
7647,0.1067,0.0
7648,0.52435,0.03855
7649,0.04255,0.0
7650,0.0137,0.0001
7651,0.58395,1.0
7652,0.23315,0.8149
7653,0.3217,0.07975
7654,0.28155,0.3809
7655,0.18045,0.1504
7656,0.2703,0.399
7657,0.3195,0.0
7658,0.24605,0.9979
7659,0.6527,0.97555
7660,0.5198,0.7111
7661,0.47285,5.0e-5
7662,0.1243,0.16895
7663,0.77295,0.24925
7664,0.4039,0.2915
7665,0.5224,0.9792
7666,0.4737,1.0
7667,0.02115,0.0
7668,0.5924,0.0
7669,0.60975,0.22085
7670,0.97405,0.9997
7671,0.3444,1.0
7672,0.54285,0.1067
7673,0.2439,0.0
7674,0.50475,0.75485
7675,0.21745,0.33995
7676,0.74975,0.5
7677,0.10765,0.0
7678,0.8305,1.0
7679,0.1781,0.338
7680,0.87795,0.28
7681,0.1685,0.2977
7682,0.7971,0.7607
7683,0.61275,0.5785
7684,0.07035,0.7052
7685,0.71545,0.0
7686,0.3949,0.0
7687,0.42445,1.0
7688,0.3481,0.52085
7689,0.95605,0.37965
7690,0.2593,0.1077
7691,0.4534,0.1955
7692,0.2649,0.39715
7693,0.8584,0.2153
7694,0.55515,0.9837
7695,0.2669,0.0
7696,0.13405,0.0055
7697,0.14475,0.0
7698,0.0379,0.0
7699,0.3379,0.0307
7700,0.0225,0.0
7701,0.1154,0.0
7702,0.16115,0.0
7703,0.35375,0.5037
7704,0.8027,0.0
7705,0.0575,0.06075
7706,0.54775,0.4534
7707,0.075,0.8015
7708,0.2455,0.0001
7709,0.3048,0.1041
7710,0.7388,0.60305
7711,0.4035,0.0
7712,0.2767,0.0
7713,0.0457,0.9684
7714,0.92625,0.00515
7715,0.78165,0.0
7716,0.11235,0.25
7717,0.9153,0.95395
7718,0.5073,0.75355
7719,0.6793,0.0411
7720,0.8516,0.36335
7721,0.26575,0.4473
7722,0.6587,1.0
7723,0.1529,0.0
7724,0.6716,0.35175
7725,0.23205,0.0
7726,0.2733,1.0
7727,0.27735,0.25045
7728,0.42885,0.25
7729,0.7039,0.97855
7730,0.6437,0.0
7731,0.65825,0.9948
7732,0.63495,0.0
7733,0.97725,0.99985
7734,0.293,0.9783
7735,0.2201,0.99765
7736,0.1265,0.6557
7737,0.6961,0.1611
7738,0.89055,0.0
7739,0.46165,0.4424
7740,0.7885,0.994
7741,0.13615,0.0
7742,0.3422,0.0
7743,0.3619,0.25
7744,0.39575,0.29155
7745,0.345,0.75
7746,0.5688,0.0
7747,0.3074,0.0
7748,0.5288,0.01085
7749,0.5098,0.01725
7750,0.43865,0.0
7751,0.6564,0.06755
7752,0.17215,0.95455
7753,0.48255,0.0
7754,0.0009,0.0
7755,0.1657,0.0
7756,0.82815,5.0e-5
7757,0.1662,0.25
7758,0.4668,0.0
7759,0.77135,0.2038
7760,0.4849,0.57745
7761,0.3528,0.0
7762,0.83965,0.02005
7763,0.19665,0.50935
7764,0.0751,0.00055
7765,0.6072,0.25
7766,0.9143,0.0632
7767,0.3704,0.0785
7768,0.62425,0.0
7769,0.6792,0.00055
7770,0.4842,0.0005
7771,0.40345,0.44685
7772,0.60795,0.0007
7773,0.1014,0.259
7774,0.2423,0.5
7775,0.8676,0.2995
7776,0.23435,0.9384
7777,0.6675,0.99255
7778,0.4525,1.0
7779,0.8479,0.75735
7780,0.4875,0.0021
7781,0.3655,0.01395
7782,0.6568,0.2442
7783,0.6898,0.737
7784,0.52125,0.0
7785,0.7428,0.44535
7786,0.14185,0.0
7787,0.56945,0.5971
7788,0.0707,0.25725
7789,0.85515,1.0
7790,0.3509,0.10975
7791,0.09945,0.03065
7792,0.2462,0.9828
7793,0.65975,0.99505
7794,0.94855,0.3728
7795,0.01325,0.0
7796,0.7929,0.0
7797,0.864,0.0
7798,0.5614,0.6652
7799,0.9139,0.54325
7800,0.0776,1.0
7801,0.78395,1.0
7802,0.91775,1.0
7803,0.18375,0.0
7804,0.92145,1.0
7805,0.20345,0.0153
7806,0.96155,1.0
7807,0.0242,0.54905
7808,0.20045,0.0
7809,0.86835,0.9502
7810,0.0947,0.0
7811,0.5327,0.56275
7812,0.83885,0.0784
7813,0.2229,0.25
7814,0.24745,0.0
7815,0.5877,0.8302
7816,0.27105,0.9812
7817,0.42655,0.0023
7818,0.6059,0.34365
7819,0.80155,0.0
7820,0.4157,0.0
7821,0.27665,0.0002
7822,0.8835,0.0
7823,0.6468,0.2642
7824,0.4571,1.0
7825,0.0319,0.1094
7826,0.77,0.0
7827,0.4427,0.8081
7828,0.6195,0.0
7829,0.4477,0.75
7830,0.8464,0.91095
7831,0.74955,0.5
7832,0.56485,0.0137
7833,0.74735,0.17165
7834,0.3368,0.0
7835,0.96205,0.0001
7836,0.3372,0.12725
7837,0.56695,0.0
7838,0.62655,0.988
7839,0.68665,0.23265
7840,0.43065,0.0
7841,0.6825,0.5245
7842,0.483,0.0
7843,0.45925,0.04785
7844,0.19085,0.0
7845,0.93545,1.0
7846,0.51415,0.25
7847,0.82635,1.0
7848,0.04415,1.0
7849,0.5914,0.04355
7850,0.2268,0.75
7851,0.6622,0.50075
7852,0.15655,0.0
7853,0.2388,0.05515
7854,0.2786,0.4969
7855,0.5204,0.629
7856,0.26515,0.0
7857,0.41415,0.0
7858,0.3129,0.0096
7859,0.48255,0.0
7860,0.96895,0.12385
7861,0.64345,0.0
7862,0.34165,0.3834
7863,0.2756,0.0
7864,0.17055,0.5725
7865,0.4417,0.9905
7866,0.3386,0.0
7867,0.5709,1.0
7868,0.73675,0.25
7869,0.49245,0.53015
7870,0.72975,0.77775
7871,0.86805,0.7341
7872,0.9955,0.25
7873,0.40875,0.0
7874,0.62095,0.1383
7875,0.08415,0.0
7876,0.3088,0.31335
7877,0.7655,0.50515
7878,0.3082,0.1732
7879,0.5847,0.99115
7880,0.36005,0.3091
7881,0.37875,0.1262
7882,0.6378,0.0132
7883,0.1693,0.1593
7884,0.8685,0.79055
7885,0.79205,0.0
7886,0.4538,0.58775
7887,0.02255,0.0
7888,0.27005,0.0
7889,0.0957,0.0
7890,0.4327,0.37355
7891,0.2559,0.8381
7892,0.88115,0.9784
7893,0.29225,0.0
7894,0.48285,0.0
7895,0.7311,0.2697
7896,0.25435,0.0
7897,0.5824,0.0001
7898,0.0583,0.32195
7899,0.66705,1.0
7900,0.4292,0.4466
7901,0.54595,0.5681
7902,0.6868,1.0
7903,0.9358,0.25
7904,0.4467,0.99575
7905,0.73885,0.8586
7906,0.0349,0.0
7907,0.88515,0.0
7908,0.30635,0.34265
7909,0.96165,0.0064
7910,0.33645,0.21085
7911,0.4732,0.4005
7912,0.51375,0.57375
7913,0.48185,0.0121
7914,0.7677,0.51065
7915,0.13385,0.0
7916,0.92395,1.0
7917,0.4915,1.0
7918,0.2788,0.0
7919,0.11335,0.0003
7920,0.0727,0.5
7921,0.9073,1.0
7922,0.56045,0.9977
7923,0.69625,0.25
7924,0.8001,0.25
7925,0.6605,0.21645
7926,0.08155,0.24425
7927,0.7501,0.74005
7928,0.64635,0.90265
7929,0.7928,0.27195
7930,0.06985,0.06705
7931,0.0588,0.00145
7932,0.1217,0.20145
7933,0.23605,1.0
7934,0.8716,0.0
7935,0.66485,0.96855
7936,0.6553,0.54025
7937,0.1988,0.0
7938,0.6686,0.0601
7939,0.5066,1.0
7940,0.4385,0.1578
7941,0.86545,0.25
7942,0.1301,0.0
7943,0.27835,0.0
7944,0.54125,0.0
7945,0.4669,0.0211
7946,0.3158,0.0
7947,0.0113,0.0
7948,0.77715,0.05105
7949,0.32225,0.01065
7950,0.4088,0.99655
7951,0.2612,0.0
7952,0.0825,0.0
7953,0.13215,0.0
7954,0.79925,0.25
7955,0.2075,0.2869
7956,0.9996,1.0
7957,0.1175,0.0872
7958,0.61355,0.05055
7959,0.8566,1.0
7960,0.44505,0.39415
7961,0.51835,0.0
7962,0.0561,0.7108
7963,0.26135,0.0211
7964,0.47025,0.4371
7965,0.7767,0.0
7966,0.0422,0.4467
7967,0.9793,1.0
7968,0.57895,0.5694
7969,0.37085,0.53895
7970,0.14635,0.00615
7971,0.156,0.96395
7972,0.8647,0.0186
7973,0.4024,1.0
7974,0.0376,0.0
7975,0.0153,0.0
7976,0.42315,0.2917
7977,0.34625,0.0
7978,0.63425,0.00075
7979,0.15825,0.93965
7980,0.5371,0.0
7981,0.6678,0.27475
7982,0.14905,0.25
7983,0.1743,1.0
7984,0.6702,0.0
7985,0.37065,1.0
7986,0.03705,0.0
7987,0.9728,0.75595
7988,0.58575,0.5
7989,0.318,0.9651
7990,0.2148,0.12485
7991,0.28445,0.0
7992,0.6303,0.728
7993,0.66815,0.6778
7994,0.24495,0.5
7995,0.8729,0.0
7996,0.63185,0.75
7997,0.98525,1.0
7998,0.55,0.99525
7999,0.07605,0.0
8000,0.07095,0.0
8001,0.44805,0.0
8002,0.9058,0.50245
8003,0.24705,0.5856
8004,0.9001,0.25
8005,0.14695,0.48995
8006,0.91505,0.9518
8007,0.12435,0.0
8008,0.0445,0.0229
8009,0.91765,0.00135
8010,0.4539,0.0
8011,0.3686,0.89375
8012,0.42725,0.0
8013,0.52225,0.0363
8014,0.306,0.17205
8015,0.7235,0.75375
8016,0.23655,0.0
8017,0.59595,0.36315
8018,0.9794,0.99845
8019,0.2881,0.0525
8020,0.763,0.0
8021,0.89915,0.97745
8022,0.223,0.0938
8023,0.01795,0.0
8024,0.7823,0.10775
8025,0.3431,0.99065
8026,0.67545,1.0
8027,0.7754,0.86
8028,0.21815,0.0
8029,0.6173,0.6495
8030,0.82135,1.0
8031,0.7995,0.0345
8032,0.83805,0.5921
8033,0.40975,0.0
8034,0.857,1.0
8035,0.83535,0.40915
8036,0.80985,1.0
8037,0.45675,0.21025
8038,0.4324,0.0
8039,0.21115,0.5
8040,0.49545,0.0
8041,0.6313,0.6689
8042,0.10305,0.5
8043,0.7837,0.0223
8044,0.70605,0.0
8045,0.8373,0.0
8046,0.0567,0.0
8047,0.8619,0.04515
8048,0.85765,0.06525
8049,0.31825,0.9168
8050,0.29035,0.25
8051,0.4842,0.20435
8052,0.64015,0.4905
8053,0.19705,0.68885
8054,0.3846,0.25
8055,0.6589,0.5738
8056,0.05455,0.0
8057,0.24615,0.8892
8058,0.55165,1.0
8059,0.44415,0.14195
8060,0.64725,1.0
8061,0.59015,0.00015
8062,0.325,0.01185
8063,0.78815,0.95355
8064,0.4319,0.10325
8065,0.24165,0.0
8066,0.4736,0.09645
8067,0.93255,1.0
8068,0.836,1.0
8069,0.22595,0.8214
8070,0.17525,0.00175
8071,0.1716,0.0
8072,0.71815,0.2539
8073,0.5628,0.9109
8074,0.12875,0.06375
8075,0.83345,0.39625
8076,0.2253,5.0e-5
8077,0.71475,0.195
8078,0.0787,0.0
8079,0.52535,0.7984
8080,0.17925,0.00655
8081,0.28535,0.00095
8082,0.8266,0.0
8083,0.3535,0.3075
8084,0.37985,0.56625
8085,0.7261,0.25
8086,0.2906,0.0
8087,0.7036,0.45945
8088,0.43775,0.49995
8089,0.61595,0.99985
8090,0.307,0.6508
8091,0.25855,0.8557
8092,0.40585,0.7769
8093,0.47025,1.0
8094,0.0801,0.4107
8095,0.6321,0.086
8096,0.74835,0.83695
8097,0.8157,0.89095
8098,0.0756,0.0
8099,0.7866,0.25
8100,0.1629,0.0
8101,0.2093,0.4987
8102,0.9219,1.0
8103,0.16425,0.48085
8104,0.67435,0.0188
8105,0.32495,0.0518
8106,0.61895,0.0
8107,0.6044,0.0
8108,0.47995,0.0046
8109,0.8955,0.0
8110,0.22535,0.37
8111,0.0357,0.0
8112,0.6597,0.0014
8113,0.5496,0.25415
8114,0.6757,0.43805
8115,0.04925,0.72355
8116,0.47025,0.0067
8117,0.0375,0.8884
8118,0.3152,0.0
8119,0.88825,0.5
8120,0.1043,0.0
8121,0.1238,0.56325
8122,0.95105,0.5
8123,0.01605,0.0
8124,0.5717,0.0
8125,0.3719,0.0
8126,0.2149,0.44045
8127,0.8125,0.9804
8128,0.00715,0.0
8129,0.6114,0.4668
8130,0.1144,0.9999
8131,0.6742,1.0
8132,0.1356,0.0
8133,0.94865,1.0
8134,0.501,0.01435
8135,0.81135,0.2836
8136,0.0647,0.0
8137,0.44945,0.2059
8138,0.84275,0.9631
8139,0.71665,0.77265
8140,0.6483,0.05145
8141,0.8258,0.0
8142,0.92985,0.0059
8143,0.9825,0.75
8144,0.06165,0.0
8145,0.258,0.0
8146,0.9892,0.1953
8147,0.26985,0.28665
8148,0.57025,0.0
8149,0.70995,1.0
8150,0.32895,0.11305
8151,0.4433,0.0019
8152,0.19925,1.0
8153,0.8871,0.8535
8154,0.44685,0.972
8155,0.59675,0.9877
8156,0.0861,1.0
8157,0.32255,0.0324
8158,0.27755,0.0
8159,0.30615,0.15385
8160,0.64965,0.92365
8161,0.51415,0.0
8162,0.52445,0.5
8163,0.12715,0.71935
8164,0.55525,0.0
8165,0.2538,0.99955
8166,0.41855,0.0035
8167,0.00085,0.0
8168,0.71775,0.0
8169,0.25745,0.0
8170,0.9037,0.0
8171,0.4191,0.23855
8172,0.88915,1.0
8173,0.2445,0.0
8174,0.87895,0.73065
8175,0.2211,0.0
8176,0.8142,0.61695
8177,0.4877,0.41145
8178,0.0824,0.0
8179,0.09095,0.0
8180,0.5922,0.1435
8181,0.08965,0.0
8182,0.83465,0.0
8183,0.9285,0.8244
8184,0.2471,0.4042
8185,0.49585,0.16465
8186,0.8489,0.0
8187,0.798,0.1222
8188,0.82925,1.0
8189,0.19925,0.0
8190,0.329,0.007
8191,0.9471,1.0
8192,0.7837,0.74035
8193,0.70315,0.7977
8194,0.2538,1.0
8195,0.65565,1.0
8196,0.5411,0.0017
8197,0.42355,5.0e-5
8198,0.3703,0.27955
8199,0.66015,0.0022
8200,0.72275,0.9314
8201,0.5121,0.00075
8202,0.04555,0.0
8203,0.42515,0.4278
8204,0.7707,1.0
8205,0.0999,0.0
8206,0.35675,0.14875
8207,0.13515,0.0
8208,0.34095,0.0271
8209,0.5424,0.0
8210,0.6487,0.1936
8211,0.41485,0.0
8212,0.931,0.1005
8213,0.4015,0.25
8214,0.23765,0.75
8215,0.9555,0.9598
8216,0.0923,0.84095
8217,0.58205,0.0
8218,0.29435,0.18705
8219,0.0219,0.0
8220,0.12265,0.14975
8221,0.336,0.5
8222,0.62615,0.0
8223,0.5353,0.42055
8224,0.97265,1.0
8225,0.89155,0.0
8226,0.22395,0.0
8227,0.1336,0.841
8228,0.16275,0.0
8229,0.69765,0.21095
8230,0.66065,0.9774
8231,0.0911,0.08265
8232,0.81195,0.22425
8233,0.28365,0.2617
8234,0.6162,0.25
8235,0.7627,0.5
8236,0.70045,0.03025
8237,0.71125,0.62265
8238,0.05985,0.0
8239,0.17655,0.0
8240,0.3445,0.0
8241,0.14945,0.0
8242,0.58445,0.0027
8243,0.29595,0.0368
8244,0.25575,0.5
8245,0.56795,0.20595
8246,0.7303,0.0
8247,0.3654,0.5
8248,0.18195,0.0
8249,0.10345,0.02165
8250,0.84865,1.0
8251,0.59535,0.02915
8252,0.7615,0.0369
8253,0.0028,0.1688
8254,0.75215,1.0
8255,0.37105,0.5
8256,0.6148,0.76995
8257,0.2442,0.58165
8258,0.2758,0.0
8259,0.8008,0.0454
8260,0.69555,0.25
8261,0.8978,0.00315
8262,0.5126,0.0084
8263,0.73455,0.25
8264,0.1945,0.1243
8265,0.8493,0.0
8266,0.6129,0.25
8267,0.23105,0.00305
8268,0.25155,0.25355
8269,0.8163,0.0
8270,0.01945,0.0001
8271,0.75295,0.102
8272,0.24625,0.0
8273,0.41775,0.0
8274,0.0139,0.57695
8275,0.41755,0.94395
8276,0.0514,0.0
8277,0.32335,0.415
8278,0.6273,0.0
8279,0.45335,0.75
8280,0.6684,0.9998
8281,0.75305,0.75
8282,0.35195,0.9835
8283,0.7017,0.75
8284,0.5418,0.0
8285,0.6621,0.81015
8286,0.7056,0.0
8287,0.89575,0.0009
8288,0.05625,0.0
8289,0.55415,0.26295
8290,0.12235,0.7122
8291,0.24505,0.25
8292,0.6308,0.9198
8293,0.6184,0.9475
8294,0.0412,0.0
8295,0.2559,1.0
8296,0.33085,0.3628
8297,0.4965,0.98175
8298,0.6611,0.5
8299,0.2605,0.0
8300,0.8687,1.0
8301,0.69935,0.54865
8302,0.67165,0.0
8303,0.2344,0.1065
8304,0.19055,0.0113
8305,0.7711,0.63225
8306,0.13305,0.00015
8307,0.85455,0.9696
8308,0.60075,0.62205
8309,0.14675,0.6495
8310,0.95325,0.0
8311,0.52815,0.6408
8312,0.4892,0.291
8313,0.89315,0.9372
8314,0.1075,0.4064
8315,0.5193,0.0
8316,0.30665,0.58105
8317,0.4164,0.82905
8318,0.1711,0.0144
8319,0.2062,0.8213
8320,0.7988,0.5
8321,0.954,0.0
8322,0.45875,0.0
8323,0.33065,0.0
8324,0.1159,0.5826
8325,0.08655,0.1307
8326,0.67415,0.0
8327,0.4685,0.0
8328,0.26165,0.03565
8329,0.69545,0.9254
8330,0.3764,0.25
8331,0.58225,0.25085
8332,0.28305,0.0175
8333,0.2071,0.9703
8334,0.24795,0.7117
8335,0.6705,0.38555
8336,0.1148,0.0
8337,0.2944,0.94465
8338,0.73055,0.23485
8339,0.54365,0.0467
8340,0.76225,0.25
8341,0.38295,0.0
8342,0.40585,0.0
8343,0.87725,0.99965
8344,0.27245,0.47245
8345,0.61695,1.0
8346,0.9097,0.0
8347,0.0195,0.01245
8348,0.1251,0.0
8349,0.30425,0.1351
8350,0.64345,0.7492
8351,0.3101,1.0
8352,0.4052,0.06585
8353,0.82505,0.0856
8354,0.3282,0.0
8355,0.77705,0.47785
8356,0.80415,0.22245
8357,0.21975,1.0
8358,0.51835,0.25
8359,0.2655,0.9991
8360,0.02625,0.54185
8361,0.2461,0.74315
8362,0.08305,0.10325
8363,0.8123,0.05455
8364,0.5889,0.83345
8365,0.8253,0.41285
8366,0.25725,0.0
8367,0.64015,0.11685
8368,0.57615,0.63045
8369,0.8523,0.79135
8370,0.29995,0.0165
8371,0.70355,0.0
8372,0.60605,0.99975
8373,0.8171,0.98655
8374,0.9605,0.06215
8375,0.23685,0.3402
8376,0.70865,1.0
8377,0.21815,0.0
8378,0.20895,0.0
8379,0.29775,0.00055
8380,0.9431,0.9777
8381,0.6249,0.48655
8382,0.06485,1.0
8383,0.1007,0.25
8384,0.83015,1.0
8385,0.85375,0.7161
8386,0.99345,0.4115
8387,0.7731,0.0
8388,0.7124,5.0e-5
8389,0.5432,0.61315
8390,0.002,0.0
8391,0.9292,0.0
8392,0.57815,0.2826
8393,0.45445,0.0
8394,0.4809,0.22065
8395,0.17925,0.4054
8396,0.5251,0.0
8397,0.62325,0.99765
8398,0.3872,0.0001
8399,0.78905,0.25
8400,0.55195,0.0
8401,0.2248,0.382
8402,0.48155,0.25
8403,0.5038,0.35975
8404,0.3741,0.24355
8405,0.18025,0.0
8406,0.08275,0.0016
8407,0.2684,0.96065
8408,0.2428,0.68575
8409,0.16555,0.05755
8410,0.70175,0.0
8411,0.1142,0.0
8412,0.51355,0.5
8413,0.97105,0.9999
8414,0.9048,0.4788
8415,0.6073,0.5
8416,0.5595,0.35275
8417,0.5907,0.51665
8418,0.0307,0.4085
8419,0.08605,0.0
8420,0.69635,0.60465
8421,0.2109,0.23195
8422,0.91035,0.0
8423,0.36915,0.0
8424,0.4639,0.82265
8425,0.56255,0.5699
8426,0.21355,0.0
8427,0.72765,0.5
8428,0.4955,0.9624
8429,0.6429,1.0
8430,0.9338,1.0
8431,0.38995,0.0018
8432,0.4824,0.5
8433,0.88385,0.0203
8434,0.61875,0.75245
8435,0.6638,0.45145
8436,0.15975,0.1995
8437,0.37495,0.0
8438,0.48435,0.5691
8439,0.644,0.00055
8440,0.7304,0.0
8441,0.77785,0.0
8442,0.25875,0.28595
8443,0.0663,0.0
8444,0.8122,1.0
8445,0.48345,0.0
8446,0.18115,0.00465
8447,0.69125,0.0
8448,0.2342,0.0572
8449,0.23985,0.0
8450,0.35345,0.0
8451,0.02195,0.0
8452,0.1447,0.0965
8453,0.87865,0.36095
8454,0.903,0.0
8455,0.48555,0.40605
8456,0.2038,0.2184
8457,0.20515,0.0
8458,0.26905,0.0401
8459,0.3099,0.5004
8460,0.45255,0.0
8461,0.84145,1.0
8462,0.36195,0.25
8463,0.5168,0.4753
8464,0.6359,0.24225
8465,0.1877,1.0
8466,0.5092,0.0
8467,0.2592,0.5478
8468,0.3059,0.0
8469,0.91615,0.5
8470,0.17845,0.0
8471,0.3878,0.60365
8472,0.12305,0.0
8473,0.18415,0.8033
8474,0.0499,0.00315
8475,0.68165,0.96405
8476,0.7079,5.0e-5
8477,0.9036,0.25
8478,0.96445,0.7281
8479,0.18865,0.38925
8480,0.49305,0.0
8481,0.39635,0.0
8482,0.91495,1.0
8483,0.0328,0.0
8484,0.898,1.0
8485,0.61715,0.31755
8486,0.28085,0.31855
8487,0.8144,0.79525
8488,0.4233,0.2055
8489,0.41265,0.1517
8490,0.40355,0.6043
8491,0.4455,0.34485
8492,0.6468,0.19825
8493,0.68625,0.54855
8494,0.5397,0.6169
8495,0.02225,0.0
8496,0.194,0.2753
8497,0.44505,0.47485
8498,0.38735,0.00405
8499,0.46205,0.7342
8500,0.08745,0.5247
8501,0.36395,0.0
8502,0.6397,0.7907
8503,0.80725,0.9575
8504,0.6082,0.40085
8505,0.7593,0.129
8506,0.9915,1.0
8507,0.4341,1.0
8508,0.9739,0.5541
8509,0.3287,0.75
8510,0.41735,0.0
8511,0.0481,0.0083
8512,0.56485,0.27055
8513,0.0006,0.0
8514,0.645,0.47425
8515,0.11065,0.01555
8516,0.48995,0.0
8517,0.5531,0.0
8518,0.34685,1.0
8519,0.72265,0.0
8520,0.73075,0.0
8521,0.10255,0.27205
8522,0.0674,0.0
8523,0.18035,0.0454
8524,0.28725,0.5
8525,0.82305,0.25
8526,0.3694,0.2018
8527,0.13875,0.0
8528,0.29545,0.0
8529,0.60135,0.38785
8530,0.7577,0.99965
8531,0.1813,0.00215
8532,0.09335,5.0e-5
8533,0.2376,0.0
8534,0.0455,0.6715
8535,0.27375,0.98925
8536,0.17385,0.0
8537,0.38685,0.5
8538,0.7408,0.3923
8539,0.66115,0.55715
8540,0.24835,0.2081
8541,0.3893,0.4165
8542,0.74855,0.25
8543,0.50995,0.32805
8544,0.7941,0.6467
8545,0.24365,0.0
8546,0.20705,0.90245
8547,0.6102,0.0688
8548,0.1534,0.75
8549,0.63735,0.67825
8550,0.91075,0.807
8551,0.72835,0.0
8552,0.34055,0.6268
8553,0.49505,0.0
8554,0.68045,0.0003
8555,0.8863,0.0002
8556,0.15065,0.0066
8557,0.98455,0.9975
8558,0.4761,0.4711
8559,0.358,0.75025
8560,0.64605,0.1235
8561,0.7248,0.34435
8562,0.1842,0.0
8563,0.02485,0.00015
8564,0.56885,0.0
8565,0.4928,0.3399
8566,0.8103,0.6845
8567,0.15855,0.0081
8568,0.91995,0.5757
8569,0.2976,0.00325
8570,0.5447,0.0008
8571,0.1909,0.0344
8572,0.14415,0.99315
8573,0.7061,0.5
8574,0.2345,1.0
8575,0.2294,0.2757
8576,0.78405,0.5397
8577,0.21065,0.0
8578,0.7156,0.00445
8579,0.3166,0.6558
8580,0.8988,0.20215
8581,0.4349,0.25015
8582,0.5189,0.55775
8583,0.43815,0.9373
8584,0.3198,0.0
8585,0.8025,0.14325
8586,0.7882,0.03805
8587,0.4955,0.0
8588,0.48285,0.33135
8589,0.26015,0.42395
8590,0.18475,0.0
8591,0.15805,0.5191
8592,0.85445,0.0
8593,0.4591,0.00805
8594,0.80145,0.74525
8595,0.17555,0.25
8596,0.85935,0.46745
8597,0.9026,0.0
8598,0.6837,1.0
8599,0.9915,0.0
8600,0.17965,0.0
8601,0.73875,0.3827
8602,0.52935,0.19085
8603,0.2499,0.0
8604,0.70495,0.9486
8605,0.8898,1.0
8606,0.87655,0.87455
8607,0.77585,0.4353
8608,0.05405,0.5
8609,0.73345,0.02415
8610,0.4058,0.50275
8611,0.631,0.902
8612,0.16025,0.0427
8613,0.70645,0.0778
8614,0.7024,0.3802
8615,0.2984,0.25
8616,0.9914,0.99995
8617,0.6647,0.05795
8618,0.36945,0.75
8619,0.395,0.2327
8620,0.4544,0.0
8621,0.9678,1.0
8622,0.54415,0.2165
8623,0.08595,0.0
8624,0.4422,0.0
8625,0.85255,0.5
8626,0.23325,0.1
8627,0.67405,0.7232
8628,0.3101,0.0
8629,0.5832,0.5
8630,0.57695,0.0001
8631,0.3663,0.66505
8632,0.18815,0.00425
8633,0.03285,0.1476
8634,0.2668,0.0
8635,0.7508,0.0
8636,0.0962,0.0
8637,0.39175,0.039
8638,0.5783,0.50985
8639,0.00875,0.0
8640,0.0452,0.0
8641,0.17165,0.0
8642,0.7668,0.28035
8643,0.55605,0.00445
8644,0.57025,0.6635
8645,0.26425,0.25
8646,0.37845,0.61205
8647,0.69525,0.4789
8648,0.2432,0.0575
8649,0.5211,0.1872
8650,0.1796,0.71385
8651,0.19505,0.38245
8652,0.4258,0.0
8653,0.26855,0.0
8654,0.4276,0.0
8655,0.5404,0.09805
8656,0.74335,0.9956
8657,0.2539,0.0157
8658,0.411,0.0
8659,0.0246,0.021
8660,0.4655,0.80555
8661,0.43535,0.0062
8662,0.2957,0.0
8663,0.0442,0.0
8664,0.57355,0.36475
8665,0.04335,0.26185
8666,0.1624,0.0
8667,0.7882,0.6573
8668,0.93725,0.991
8669,0.1218,0.0
8670,0.8207,1.0
8671,0.48535,0.25
8672,0.27345,0.34735
8673,0.2736,0.0
8674,0.6292,0.22455
8675,0.7051,0.6839
8676,0.5236,1.0
8677,0.76995,0.60805
8678,0.086,0.20585
8679,0.2623,0.5494
8680,0.55345,0.04005
8681,0.65995,0.70585
8682,0.1916,0.5
8683,0.16285,0.0
8684,0.8472,0.99995
8685,0.07035,0.0
8686,0.1311,0.0
8687,0.6405,0.0
8688,0.8714,0.32935
8689,0.28805,0.0
8690,0.6905,0.0
8691,0.26025,0.0
8692,0.774,0.0
8693,0.98575,1.0
8694,0.16255,0.0
8695,0.0833,0.0
8696,0.32655,1.0
8697,0.10605,0.25
8698,0.1282,0.07275
8699,0.5068,0.01215
8700,0.7627,0.2237
8701,0.2007,0.5318
8702,0.8911,0.0
8703,0.3485,0.9866
8704,0.26435,0.51625
8705,0.92955,1.0
8706,0.5613,0.0
8707,0.1789,0.36485
8708,0.8095,0.0
8709,0.50665,0.57575
8710,0.22165,0.0
8711,0.7387,0.43975
8712,0.0533,0.0
8713,0.0996,0.0
8714,0.24785,0.47365
8715,0.51075,0.0181
8716,0.74635,0.89445
8717,0.2547,0.0
8718,0.84115,0.2625
8719,0.8633,1.0
8720,0.87165,1.0
8721,0.06015,0.0
8722,0.12685,0.58585
8723,0.10915,0.25
8724,0.11775,0.0
8725,0.13675,0.99965
8726,0.6372,0.99995
8727,0.81935,0.74035
8728,0.7295,0.0
8729,0.71375,0.42885
8730,0.3732,0.00785
8731,0.9202,0.30875
8732,0.4091,0.30525
8733,0.10255,0.3448
8734,0.071,0.0
8735,0.4001,0.0003
8736,0.90015,0.0
8737,0.34175,0.2581
8738,0.8187,0.779
8739,0.5251,0.3234
8740,0.0556,0.0
8741,0.51955,0.01755
8742,0.37735,0.0
8743,0.05095,0.0
8744,0.0112,0.0
8745,0.6341,0.9491
8746,0.14015,0.0
8747,0.20295,0.25
8748,0.62645,0.30885
8749,0.45645,1.0
8750,0.9241,0.29965
8751,0.63505,0.9055
8752,0.1682,0.7252
8753,0.36575,0.99335
8754,0.90885,0.0
8755,0.0709,0.0
8756,0.8829,0.39565
8757,0.95575,0.01555
8758,0.32785,0.59445
8759,0.186,0.0
8760,0.99215,0.99665
8761,0.94715,0.0
8762,0.4162,0.5167
8763,0.52055,0.03185
8764,0.5428,0.67565
8765,0.2233,0.0
8766,0.031,0.3644
8767,0.25875,0.4722
8768,0.4664,0.5614
8769,0.8297,0.0
8770,0.23465,0.2358
8771,0.64175,0.12165
8772,0.2646,0.44315
8773,0.56705,0.9966
8774,0.60235,0.98575
8775,0.46665,0.78555
8776,0.6549,0.12605
8777,0.4591,0.0
8778,0.2632,0.0
8779,0.5588,0.89545
8780,0.43755,0.0
8781,0.80405,0.9935
8782,0.353,0.1016
8783,0.59225,0.6855
8784,0.11015,0.0
8785,0.64345,0.19825
8786,0.7477,0.6259
8787,0.02825,0.0
8788,0.16,0.10835
8789,0.48035,0.1841
8790,0.0535,0.0
8791,0.45665,0.9616
8792,0.21495,0.0
8793,0.10675,1.0
8794,0.1367,0.5
8795,0.00925,0.15955
8796,0.1413,0.0
8797,0.2271,0.0
8798,0.202,0.67695
8799,0.15745,0.0
8800,0.6674,0.0
8801,0.41395,0.8571
8802,0.7684,0.6066
8803,0.3028,0.98835
8804,0.24075,0.0
8805,0.6597,0.2555
8806,0.90545,0.44995
8807,0.139,0.52565
8808,0.19185,0.03855
8809,0.2656,0.6947
8810,0.7422,1.0
8811,0.27355,0.99505
8812,0.68425,0.5
8813,0.29755,0.0
8814,0.79065,0.6804
8815,0.15955,0.0073
8816,0.2471,0.50905
8817,0.67995,1.0
8818,0.69105,0.00175
8819,0.13015,0.2587
8820,0.05335,0.99575
8821,0.20345,0.0
8822,0.1581,0.05
8823,0.31485,0.0
8824,0.6941,0.3902
8825,0.00885,0.0
8826,0.53835,0.0
8827,0.57755,0.0
8828,0.1119,0.0
8829,0.79655,1.0
8830,0.03395,0.0
8831,0.0623,0.0
8832,0.13055,0.65425
8833,0.18485,0.2914
8834,0.1754,0.0
8835,0.6427,0.36865
8836,0.0981,0.0
8837,0.5898,0.798
8838,0.86105,0.0084
8839,0.6837,0.5
8840,0.55075,0.0
8841,0.27955,0.00025
8842,0.17755,0.6173
8843,0.30075,0.78685
8844,0.28015,5.0e-5
8845,0.36405,0.0
8846,0.55665,0.02805
8847,0.65815,0.5778
8848,0.2791,1.0
8849,0.47135,0.25
8850,0.47685,0.0
8851,0.23845,0.25
8852,0.3755,0.00045
8853,0.7226,0.9919
8854,0.06165,0.0
8855,0.40215,0.0
8856,0.3576,0.0
8857,0.91315,0.0
8858,0.1242,0.0
8859,0.8499,0.0001
8860,0.8311,0.0
8861,0.10495,0.00065
8862,0.77285,0.02035
8863,0.4299,0.7264
8864,0.39135,0.0
8865,0.1792,0.0
8866,0.49535,0.41725
8867,0.4201,0.0
8868,0.1913,0.5
8869,0.9928,0.0516
8870,0.19875,0.5004
8871,0.34685,0.4465
8872,0.0422,0.0
8873,0.4885,0.0
8874,0.1927,0.4101
8875,0.7156,0.57905
8876,0.5918,0.75545
8877,0.43005,5.0e-5
8878,0.4433,0.25
8879,0.84465,1.0
8880,0.6061,0.0
8881,0.61405,0.0
8882,0.537,0.45855
8883,0.87675,0.43865
8884,0.53635,0.0
8885,0.52055,5.0e-5
8886,0.2817,0.5
8887,0.74795,0.75
8888,0.5551,0.0
8889,0.88245,0.5593
8890,0.9784,0.75
8891,0.20385,0.0
8892,0.1422,0.6342
8893,0.304,0.05515
8894,0.1807,0.0
8895,0.9743,0.9998
8896,0.16905,0.99975
8897,0.1603,0.99045
8898,0.25705,0.0
8899,0.6621,0.4329
8900,0.2993,0.2751
8901,0.75045,0.02535
8902,0.8529,1.0
8903,0.7987,0.52965
8904,0.04725,0.0
8905,0.3873,0.2673
8906,0.2007,0.44805
8907,0.00185,0.0
8908,0.65545,0.00835
8909,0.9195,0.82665
8910,0.9834,0.98635
8911,0.60075,0.19145
8912,0.67925,0.9998
8913,0.5814,0.0
8914,0.3139,1.0
8915,0.50925,0.0
8916,0.8034,0.3632
8917,0.8712,0.0118
8918,0.7483,0.0
8919,0.38785,0.0152
8920,0.7143,0.38985
8921,0.0356,0.0004
8922,0.46465,0.00615
8923,0.58165,0.78415
8924,0.5591,0.9724
8925,0.32405,0.01545
8926,0.36175,0.18185
8927,0.24525,0.3097
8928,0.1624,0.14505
8929,0.6338,0.0
8930,0.38315,0.25
8931,0.3867,0.64155
8932,0.09935,0.0
8933,0.66885,0.14835
8934,0.7825,0.0
8935,0.25755,0.015
8936,0.7792,0.8874
8937,0.70845,0.8401
8938,0.6003,0.1528
8939,0.16745,0.0702
8940,0.04505,0.9329
8941,0.54485,0.51885
8942,0.7265,0.0001
8943,0.6579,0.2763
8944,0.6612,0.0
8945,0.84865,0.6447
8946,0.54745,0.0002
8947,0.9935,1.0
8948,0.4455,0.75
8949,0.45975,0.0194
8950,0.58795,0.7808
8951,0.13185,5.0e-5
8952,0.4132,0.0
8953,0.71555,0.0
8954,0.72255,0.99975
8955,0.6727,0.5
8956,0.05805,0.0
8957,0.17315,0.00365
8958,0.83035,0.6017
8959,0.2957,0.2797
8960,0.60955,1.0
8961,0.44285,0.0001
8962,0.7092,1.0
8963,0.51215,0.4924
8964,0.2355,0.46695
8965,0.6152,0.0
8966,0.756,0.25
8967,0.44925,0.51985
8968,0.5785,0.9993
8969,0.6047,0.99995
8970,0.87545,0.0408
8971,0.3264,0.0
8972,0.36405,0.0157
8973,0.16685,0.2639
8974,0.3751,0.0
8975,0.0404,0.0
8976,0.3154,0.0
8977,0.57765,0.363
8978,0.3231,0.96095
8979,0.4082,1.0
8980,0.16455,0.0
8981,0.8822,0.0518
8982,0.992,1.0
8983,0.10825,0.0
8984,0.39245,0.23005
8985,0.2104,0.0
8986,0.5478,0.0
8987,0.92475,0.087
8988,0.62025,0.5
8989,0.47365,0.0
8990,0.6057,0.0
8991,0.4676,0.0
8992,0.07115,0.0
8993,0.64365,0.29595
8994,0.49355,0.501
8995,0.85765,0.0
8996,0.88525,0.25
8997,0.56115,0.00375
8998,0.8044,0.9788
8999,0.85305,0.9932
9000,0.5426,0.06505
9001,0.8907,0.5195
9002,0.0629,0.04065
9003,0.0165,0.0
9004,0.2554,0.0
9005,0.2873,0.01375
9006,0.38705,0.01065
9007,0.43695,0.2404
9008,0.00805,0.0081
9009,0.42425,0.0
9010,0.3237,0.6257
9011,0.9891,0.1754
9012,0.7427,0.5821
9013,0.99345,1.0
9014,0.6105,0.91385
9015,0.08795,0.00585
9016,0.39545,0.0
9017,0.4207,0.97645
9018,0.70275,1.0
9019,0.27165,0.0
9020,0.58475,0.01365
9021,0.37705,0.0
9022,0.4036,0.25
9023,0.0008,0.0
9024,0.6701,0.8276
9025,0.66355,0.0
9026,0.6266,0.2818
9027,0.87855,0.25
9028,0.06445,0.0769
9029,0.37585,0.06025
9030,0.98585,1.0
9031,0.165,0.01605
9032,0.9352,0.41465
9033,0.9633,0.72905
9034,0.29335,0.05475
9035,0.3846,0.0
9036,0.02075,0.0
9037,0.6684,0.95845
9038,0.3326,0.17035
9039,0.5391,0.5325
9040,0.1858,0.012
9041,0.23715,0.0
9042,0.5943,1.0
9043,0.3221,0.9122
9044,0.86245,0.004
9045,0.9964,0.2417
9046,0.13135,0.0
9047,0.0002,0.1102
9048,0.80705,0.0152
9049,0.6525,0.7255
9050,0.26705,0.0
9051,0.7384,0.6895
9052,0.4423,0.0
9053,0.4112,1.0
9054,0.6671,0.5462
9055,0.15965,0.0
9056,0.78735,1.0
9057,0.19665,0.10545
9058,0.15415,0.02695
9059,0.9039,0.0
9060,0.81315,0.0
9061,0.7783,0.96905
9062,0.03135,0.01475
9063,0.63755,0.9915
9064,0.64255,0.0
9065,0.6262,1.0
9066,0.6263,0.0001
9067,0.65125,1.0
9068,0.12145,0.1864
9069,0.0433,0.0
9070,0.89135,1.0
9071,0.22175,0.00205
9072,0.21235,0.0
9073,0.00495,0.0
9074,0.12225,0.91015
9075,0.19605,0.0
9076,0.5699,5.0e-5
9077,0.1831,0.40515
9078,0.80965,0.75
9079,0.3557,0.4644
9080,0.094,0.0
9081,0.1703,0.3993
9082,0.49065,0.0
9083,0.18225,0.5
9084,0.68845,0.0
9085,0.09225,0.6833
9086,0.68215,0.0
9087,0.13625,0.0434
9088,0.5921,0.3979
9089,0.1403,0.0
9090,0.8856,0.0
9091,0.1934,0.0017
9092,0.00865,0.6365
9093,0.42975,0.73455
9094,0.32295,0.48805
9095,0.57355,0.4002
9096,0.888,1.0
9097,0.56595,0.68515
9098,0.51295,0.66885
9099,0.6713,0.0
9100,0.21315,0.75
9101,0.8088,1.0
9102,0.1062,0.0
9103,0.68305,1.0
9104,0.04295,0.0
9105,0.97345,5.0e-5
9106,0.3423,0.26315
9107,0.387,0.7406
9108,0.02595,0.0
9109,0.24305,0.7727
9110,0.03915,0.0
9111,0.4911,0.0
9112,0.3513,0.985
9113,0.89295,0.0
9114,0.11225,0.0
9115,0.2841,0.5
9116,0.24335,0.0
9117,0.38615,0.3868
9118,0.3471,0.1399
9119,0.61235,0.5
9120,0.4121,0.0027
9121,0.72155,0.6894
9122,0.66035,0.25
9123,0.22655,0.617
9124,0.41565,0.9982
9125,0.08375,0.94315
9126,0.13915,0.027
9127,0.2877,0.1055
9128,0.9284,0.75
9129,0.2962,0.0039
9130,0.6831,0.0
9131,0.9212,0.1535
9132,0.6843,0.0
9133,0.24375,0.0
9134,0.77495,0.84175
9135,0.53695,0.0014
9136,0.0922,0.0
9137,0.51155,1.0
9138,0.62105,0.998
9139,0.13395,0.27235
9140,0.6774,0.04485
9141,0.02135,0.0
9142,0.5554,0.43315
9143,0.1988,0.50075
9144,0.08085,0.0
9145,0.12975,0.53205
9146,0.10765,0.25
9147,0.04365,0.0
9148,0.9258,0.1325
9149,0.61025,0.43415
9150,0.10345,0.0
9151,0.20215,0.70575
9152,0.62765,0.3305
9153,0.0704,0.60875
9154,0.45905,0.03385
9155,0.21485,0.4301
9156,0.6217,0.0
9157,0.02345,0.31965
9158,0.15445,0.00105
9159,0.37465,0.0
9160,0.14735,0.0
9161,0.7667,0.42415
9162,0.67785,1.0
9163,0.34425,0.6789
9164,0.2051,0.0
9165,0.0428,0.0
9166,0.61535,0.5
9167,0.555,0.6663
9168,0.11205,0.97955
9169,0.20005,0.0
9170,0.78195,0.4521
9171,0.3435,0.1242
9172,0.8881,1.0
9173,0.7705,0.25
9174,0.17725,0.25
9175,0.76785,0.9999
9176,0.43165,0.4116
9177,0.51655,0.79765
9178,0.209,0.34785
9179,0.35165,0.6723
9180,0.32285,0.25
9181,0.11455,0.2645
9182,0.08285,0.0
9183,0.36525,0.0464
9184,0.8843,0.59805
9185,0.60015,0.22685
9186,0.2505,0.0003
9187,0.63445,0.40735
9188,0.24665,0.92035
9189,0.1742,0.25
9190,0.4775,0.25
9191,0.67355,0.25
9192,0.9371,0.2938
9193,0.29215,0.0
9194,0.8419,0.0
9195,0.3544,0.01155
9196,0.839,0.02485
9197,0.80135,0.16685
9198,0.43075,0.04135
9199,0.0592,0.0
9200,0.50795,0.019
9201,0.1992,0.869
9202,0.03065,0.0
9203,0.40775,0.0
9204,0.32415,0.0
9205,0.295,0.5588
9206,0.0423,0.0
9207,0.5574,5.0e-5
9208,0.7719,0.5401
9209,0.1194,0.14285
9210,0.79855,0.02315
9211,0.6006,0.19835
9212,0.50365,0.27595
9213,0.24805,0.2589
9214,0.5078,0.0
9215,0.24035,0.0
9216,0.54585,0.2581
9217,0.12115,0.0
9218,0.5254,0.3291
9219,0.7216,0.39065
9220,0.7363,0.0
9221,0.51655,0.0
9222,0.5053,0.98115
9223,0.43615,0.01635
9224,0.33965,0.3079
9225,0.01605,0.3898
9226,0.4963,0.0415
9227,0.1625,1.0
9228,0.68905,0.95485
9229,0.1143,0.1751
9230,0.7652,1.0
9231,0.1153,0.72025
9232,0.55795,0.4539
9233,0.61745,0.0
9234,0.0756,0.7867
9235,0.172,0.15445
9236,0.2775,0.9383
9237,0.58915,0.0
9238,0.32335,0.25
9239,0.56985,0.25
9240,0.8544,0.84965
9241,0.1482,0.7549
9242,0.40695,0.6227
9243,0.0105,0.0
9244,0.39075,0.0
9245,0.85475,0.5
9246,0.75235,0.3228
9247,0.08035,0.0
9248,0.5004,0.3116
9249,0.4887,0.0
9250,0.7172,0.0
9251,0.30695,0.0033
9252,0.55,1.0
9253,0.14715,0.0
9254,0.3178,0.2308
9255,0.2921,0.3782
9256,0.2233,0.0
9257,0.07145,0.0
9258,0.69695,0.0
9259,0.013,0.5
9260,0.53355,0.9636
9261,0.6791,0.0
9262,0.52615,0.44685
9263,0.59375,0.4022
9264,0.0575,0.30545
9265,0.8805,0.4567
9266,0.22745,0.3736
9267,0.3195,0.45265
9268,0.68425,1.0
9269,0.42055,0.0
9270,0.85565,0.0001
9271,0.1526,0.0
9272,0.24325,0.0
9273,0.3433,0.3565
9274,0.6525,0.95915
9275,0.4717,0.32125
9276,0.6273,0.0
9277,0.24925,0.0
9278,0.0917,0.0012
9279,0.19515,0.0
9280,0.8775,0.7669
9281,0.15295,0.25
9282,0.74085,0.50905
9283,0.0588,0.52695
9284,0.2681,0.05505
9285,0.36435,0.00775
9286,0.701,1.0
9287,0.23325,0.0
9288,0.67135,0.0
9289,0.47195,0.4171
9290,0.50725,0.2548
9291,0.178,5.0e-5
9292,0.22415,0.0
9293,0.83705,0.2476
9294,0.8495,0.42905
9295,0.3392,0.0
9296,0.37775,0.25
9297,0.59725,1.0
9298,0.09025,0.0
9299,0.38775,1.0
9300,0.30445,0.40975
9301,0.81125,0.3494
9302,0.1383,0.0
9303,0.22275,0.93335
9304,0.76625,0.99965
9305,0.1073,0.0
9306,0.234,0.0036
9307,0.3693,0.3137
9308,0.27565,0.4483
9309,0.39045,0.0
9310,0.0451,0.0837
9311,0.7822,0.5
9312,0.847,0.98255
9313,0.70685,0.75
9314,0.17735,0.02815
9315,0.2231,0.0
9316,0.5989,0.9669
9317,0.1558,0.25
9318,0.36525,0.0
9319,0.19855,0.73225
9320,0.65265,1.0
9321,0.49355,0.0999
9322,0.36365,0.35965
9323,0.5294,0.92055
9324,0.13985,0.0
9325,0.19075,0.0
9326,0.2331,0.0004
9327,0.66435,0.06565
9328,0.0133,0.08515
9329,0.43535,0.57395
9330,0.8782,1.0
9331,0.64775,0.87015
9332,0.30905,0.1233
9333,0.6881,0.8323
9334,0.25475,0.0
9335,0.8582,0.0
9336,0.58295,0.4071
9337,0.19525,0.0
9338,0.6168,0.76355
9339,0.52265,0.00035
9340,0.65475,0.5527
9341,0.89305,0.54055
9342,0.42785,0.25
9343,0.11295,0.0
9344,0.1349,0.25
9345,0.19705,0.00845
9346,0.4986,0.0
9347,0.15145,0.5954
9348,0.42545,0.21305
9349,0.03455,0.1332
9350,0.26725,0.77125
9351,0.74285,0.2147
9352,0.7553,0.6187
9353,0.27195,0.0002
9354,0.72615,0.0
9355,0.1332,0.0
9356,0.96085,0.03895
9357,0.1487,0.0
9358,0.99635,0.0
9359,0.24955,0.25
9360,0.0873,0.0213
9361,0.7152,0.25
9362,0.15815,0.47085
9363,0.3673,0.6841
9364,0.32425,0.6817
9365,0.1542,0.0
9366,0.7726,0.0
9367,0.2052,0.0
9368,0.5811,0.47405
9369,0.26655,0.25
9370,0.8229,0.88535
9371,0.85565,0.0
9372,0.90485,1.0
9373,0.9813,0.0
9374,0.248,0.5
9375,0.04965,0.0
9376,0.7263,0.78105
9377,0.8055,0.18735
9378,0.1996,0.9761
9379,0.2921,0.41615
9380,0.1262,0.0
9381,0.35145,0.7425
9382,0.09655,0.0
9383,0.457,0.0084
9384,0.14475,0.83335
9385,0.25285,0.1019
9386,0.4883,0.56335
9387,0.551,0.0
9388,0.6202,0.0008
9389,0.11855,0.0
9390,0.5266,5.0e-5
9391,0.24605,0.75
9392,0.3241,0.21355
9393,0.32495,0.0
9394,0.2212,0.0
9395,0.89325,0.79495
9396,0.5257,0.0
9397,0.55925,0.0
9398,0.18215,0.0
9399,0.26885,0.0
9400,0.28655,0.90275
9401,0.34375,5.0e-5
9402,0.0003,0.0
9403,0.2221,0.0
9404,0.92015,0.50975
9405,0.261,0.8783
9406,0.3713,0.0
9407,0.20325,0.0
9408,0.93295,0.0
9409,0.72375,0.99895
9410,0.32685,0.9939
9411,0.71755,1.0
9412,0.57325,0.5
9413,0.0463,0.0
9414,0.8964,1.0
9415,0.44775,1.0
9416,0.164,0.0
9417,0.099,0.03325
9418,0.42365,1.0
9419,0.9239,0.08495
9420,0.65175,0.134
9421,0.10165,0.0
9422,0.31805,0.27925
9423,0.82465,0.60235
9424,0.0799,0.5
9425,0.77375,0.8428
9426,0.40085,0.0
9427,0.0964,0.0
9428,0.95945,0.5
9429,0.04105,0.0
9430,0.03185,0.0
9431,0.31575,0.0
9432,0.1467,0.005
9433,0.4426,0.75
9434,0.68895,0.25
9435,0.8577,1.0
9436,0.51705,0.619
9437,0.21895,0.38625
9438,0.55085,0.45455
9439,0.7485,0.5518
9440,0.5689,0.0
9441,0.45555,0.45915
9442,0.91755,0.0
9443,0.8394,1.0
9444,0.3865,0.0079
9445,0.83225,0.3668
9446,0.54405,0.99995
9447,0.3229,0.6359
9448,0.25175,0.0658
9449,0.63485,0.86495
9450,0.9538,0.9119
9451,0.34575,0.37565
9452,0.5755,0.69325
9453,0.01745,0.0
9454,0.2508,0.90325
9455,0.35565,0.9931
9456,0.3638,0.1147
9457,0.51355,0.2603
9458,0.4516,0.0
9459,0.5352,0.0
9460,0.87485,0.66545
9461,0.39215,0.0
9462,0.3567,0.0
9463,0.4769,0.00065
9464,0.02045,0.0
9465,0.01665,0.0
9466,0.65175,0.0002
9467,0.6515,0.0009
9468,0.9588,0.81755
9469,0.40665,0.0
9470,0.70515,0.3383
9471,0.4902,0.0
9472,0.6426,0.1204
9473,0.1012,0.8814
9474,0.85025,0.8672
9475,0.5893,0.981
9476,0.33075,0.09435
9477,0.11955,0.0225
9478,0.1311,0.0
9479,0.454,0.00135
9480,0.7306,0.0
9481,0.46015,0.0
9482,0.89935,0.0
9483,0.17525,0.75
9484,0.31745,0.95945
9485,0.8454,0.43445
9486,0.19725,0.3411
9487,0.3798,0.0
9488,0.0446,0.0
9489,0.1755,0.337
9490,0.37835,0.5618
9491,0.79205,0.8834
9492,0.13895,0.86975
9493,0.0162,0.0
9494,0.34065,0.0017
9495,0.1914,1.0
9496,0.708,1.0
9497,0.21035,0.25965
9498,0.2438,0.34055
9499,0.9553,0.77125
9500,0.3324,0.0
9501,0.7815,0.73475
9502,0.1005,0.0
9503,0.55865,0.98565
9504,0.614,0.11695
9505,0.24545,0.5066
9506,0.6706,0.73905
9507,0.18775,0.0
9508,0.5888,0.25
9509,0.91405,0.75
9510,0.51755,0.36345
9511,0.78325,0.25
9512,0.18165,0.0
9513,0.2636,0.18495
9514,0.231,0.0034
9515,0.3826,0.3242
9516,0.1339,0.0
9517,0.6768,0.0
9518,0.1739,0.0
9519,0.24465,0.0
9520,0.0469,0.0
9521,0.15145,0.2336
9522,0.6171,0.99445
9523,0.56275,0.49415
9524,0.61945,0.1234
9525,0.7393,0.5
9526,0.1711,0.0
9527,0.34125,0.1841
9528,0.7659,0.0195
9529,0.265,0.5
9530,0.28265,0.0
9531,0.2733,0.006
9532,0.62405,0.0
9533,0.7184,0.0003
9534,0.19295,0.65905
9535,0.1584,0.0
9536,0.2179,0.13105
9537,0.4706,0.40375
9538,0.2824,0.3612
9539,0.99275,0.25
9540,0.60105,0.9999
9541,0.40515,1.0
9542,0.0727,0.0
9543,0.632,0.0156
9544,0.92105,0.8981
9545,0.8283,0.3227
9546,0.0132,0.0
9547,0.3748,0.73985
9548,0.0052,0.0
9549,0.85745,0.0156
9550,0.76015,0.0
9551,0.224,5.0e-5
9552,0.43255,0.9986
9553,0.55385,0.07865
9554,0.47275,0.0
9555,0.0961,0.0
9556,0.8258,1.0
9557,0.24075,0.49335
9558,0.21425,0.00045
9559,0.4702,0.0
9560,0.2422,0.5
9561,0.2876,0.25
9562,0.33955,0.25945
9563,0.44165,0.0001
9564,0.03435,0.0
9565,0.57275,0.9611
9566,0.4501,0.3649
9567,0.27905,0.001
9568,0.1223,0.0
9569,0.69815,0.03995
9570,0.45605,0.8985
9571,0.47755,0.0
9572,0.0202,0.0
9573,0.04485,0.0009
9574,0.39325,0.97565
9575,0.35425,0.0
9576,0.10755,0.2921
9577,0.90485,0.8778
9578,0.9984,1.0
9579,0.30825,0.0006
9580,0.1999,0.00335
9581,0.1938,0.1396
9582,0.6045,0.7612
9583,0.8084,0.0
9584,0.69365,0.0
9585,0.07965,1.0
9586,0.0661,0.0004
9587,0.8539,0.0002
9588,0.73975,0.0
9589,0.1372,0.0
9590,0.7364,0.9991
9591,0.15835,0.0
9592,0.67925,0.8919
9593,0.9298,0.9997
9594,0.22725,0.5
9595,0.35705,0.58615
9596,0.7256,1.0
9597,0.4998,1.0
9598,0.02705,0.1643
9599,0.52885,0.0
9600,0.7342,1.0
9601,0.4112,0.85005
9602,0.0462,0.0
9603,0.2936,0.25
9604,0.80515,1.0
9605,0.6675,0.244
9606,0.3482,0.0
9607,0.61245,0.80305
9608,0.07055,0.0
9609,0.6141,1.0
9610,0.8883,0.9483
9611,0.24415,0.0
9612,0.88665,0.9998
9613,0.15325,0.25655
9614,0.3867,0.0625
9615,0.64095,0.36525
9616,0.075,0.6428
9617,0.0998,0.57135
9618,0.56715,0.9984
9619,0.3365,0.48045
9620,0.54755,0.99135
9621,0.5215,0.0
9622,0.36965,0.25
9623,0.4337,0.90895
9624,0.33205,0.0
9625,0.71,0.19655
9626,0.6254,0.47525
9627,0.0657,0.5
9628,0.10235,0.0985
9629,0.33895,0.56355
9630,0.82125,0.82875
9631,0.45785,0.01445
9632,0.7415,0.99975
9633,0.3285,0.0
9634,0.5957,0.1916
9635,0.0918,0.0
9636,0.01715,0.00045
9637,0.9312,0.69635
9638,0.34405,0.0
9639,0.2293,0.0
9640,0.4512,0.1723
9641,0.36255,0.0
9642,0.47945,1.0
9643,0.3111,0.63585
9644,0.09675,0.00755
9645,0.1126,0.6723
9646,0.52185,0.69005
9647,0.22445,0.0
9648,0.48175,0.36635
9649,0.13095,0.9971
9650,0.8011,0.6053
9651,0.32535,0.0
9652,0.46975,0.0
9653,0.4361,0.5
9654,0.26575,0.6337
9655,0.0637,0.08555
9656,0.4587,0.88075
9657,0.41725,0.0
9658,0.13515,0.0
9659,0.95885,0.0
9660,0.401,0.0743
9661,0.4614,0.00225
9662,0.40945,0.8697
9663,0.88625,0.16935
9664,0.86025,0.6959
9665,0.2935,0.0
9666,0.0099,0.0
9667,0.23265,0.0
9668,0.86525,0.99605
9669,0.0946,0.0003
9670,0.0383,0.0
9671,0.36685,0.0
9672,0.0397,0.0
9673,0.6576,0.0
9674,0.60665,0.75015
9675,0.78625,0.21655
9676,0.9783,0.31095
9677,0.2676,0.0
9678,0.18575,0.66795
9679,0.5531,0.99905
9680,0.57055,0.4054
9681,0.7206,0.2793
9682,0.1002,0.0
9683,0.3185,0.99945
9684,0.7332,0.0002
9685,0.2719,0.0
9686,0.9983,0.0
9687,0.1803,0.0
9688,0.0374,0.0
9689,0.365,0.1022
9690,0.0776,0.0
9691,0.304,0.4702
9692,0.3915,0.0
9693,0.108,0.9085
9694,0.2249,0.0
9695,0.2671,0.0
9696,0.5834,1.0
9697,0.473,0.6621
9698,0.8365,0.1462
9699,0.48395,0.994
9700,0.3546,0.3114
9701,0.12555,0.4535
9702,0.98125,1.0
9703,0.52585,0.41995
9704,0.09835,0.72695
9705,0.0113,0.25
9706,0.45245,0.0
9707,0.61085,0.99605
9708,0.20145,0.02505
9709,0.5557,0.00415
9710,0.46695,0.95615
9711,0.28095,0.2564
9712,0.69495,1.0
9713,0.19445,0.82105
9714,0.51205,1.0
9715,0.24685,0.90435
9716,0.05315,0.42295
9717,0.3634,0.00145
9718,0.46005,0.6993
9719,0.2324,0.00025
9720,0.14765,0.6051
9721,0.94335,1.0
9722,0.01825,0.0
9723,0.0424,0.75
9724,0.5517,0.0886
9725,0.50995,0.0
9726,0.80455,0.22665
9727,0.6674,0.99975
9728,0.81405,0.0
9729,0.5006,0.98145
9730,0.7001,0.0
9731,0.506,0.25
9732,0.59735,0.01265
9733,0.6598,0.1292
9734,0.99825,1.0
9735,0.1756,0.2844
9736,0.80935,1.0
9737,0.01545,0.13205
9738,0.67125,0.44795
9739,0.01455,0.0
9740,0.46875,0.0
9741,0.3129,0.0003
9742,0.21495,0.0866
9743,0.33965,0.0
9744,0.18785,0.0
9745,0.25455,0.0
9746,0.0341,0.2984
9747,0.84325,0.82825
9748,0.5533,0.99265
9749,0.44075,1.0
9750,0.84065,0.73095
9751,0.44735,0.1239
9752,0.64745,0.0
9753,0.66485,0.2518
9754,0.36905,0.00365
9755,0.6763,0.34595
9756,0.9397,0.99995
9757,0.4432,0.0
9758,0.054,0.0
9759,0.84625,0.0609
9760,0.01505,0.0
9761,0.20095,0.75
9762,0.06825,0.0866
9763,0.50695,0.59785
9764,0.4017,0.5
9765,0.15905,0.0
9766,0.35985,1.0
9767,0.3174,0.0
9768,0.8509,1.0
9769,0.35595,0.0
9770,0.38715,0.29
9771,0.06885,0.0
9772,0.2223,0.54725
9773,0.08225,0.9898
9774,0.54785,1.0
9775,0.0851,0.0
9776,0.67075,0.72015
9777,0.51195,0.1068
9778,0.5174,0.0
9779,0.4648,0.61655
9780,0.8452,0.30635
9781,0.2584,0.4653
9782,0.1869,0.0
9783,0.69005,1.0
9784,0.506,0.7913
9785,0.18005,0.0
9786,0.22805,0.8455
9787,0.20525,0.9701
9788,0.22735,0.3243
9789,0.27,0.9998
9790,0.4231,0.4737
9791,0.5995,0.2995
9792,0.73475,0.22765
9793,0.9858,0.5431
9794,0.4468,0.5001
9795,0.41445,0.9996
9796,0.13885,0.3534
9797,0.7772,0.972
9798,0.17685,0.42025
9799,0.3177,0.2933
9800,0.74085,0.218
9801,0.61185,0.07065
9802,0.4988,0.0
9803,0.69235,0.0
9804,0.25865,0.0008
9805,0.48775,0.0
9806,0.49105,0.08775
9807,0.37,0.5726
9808,0.8131,0.0865
9809,0.23235,0.25
9810,0.7828,0.01125
9811,0.3969,0.4054
9812,0.06355,0.0
9813,0.1867,0.5
9814,0.12475,0.1025
9815,0.01265,0.0
9816,0.678,0.5698
9817,0.9631,0.0
9818,0.32295,0.00155
9819,0.7131,0.0392
9820,0.162,0.06125
9821,0.6655,0.1998
9822,0.5523,0.3422
9823,0.29495,0.0
9824,0.55905,0.03275
9825,0.4067,0.25
9826,0.4625,0.0
9827,0.1256,0.0002
9828,0.48905,0.00045
9829,0.16865,0.0
9830,0.31695,0.25
9831,0.12765,0.2235
9832,0.22815,0.99675
9833,0.60065,0.0
9834,0.52135,0.98995
9835,0.4054,0.00375
9836,0.35405,0.76285
9837,0.30515,0.0041
9838,0.5769,1.0
9839,0.39085,0.0
9840,0.32735,0.0
9841,0.193,1.0
9842,0.4202,0.0
9843,0.37335,0.0
9844,0.17195,0.4815
9845,0.30475,0.0
9846,0.3604,0.0
9847,0.34615,0.25
9848,0.4048,0.25
9849,0.68985,0.90555
9850,0.57875,0.74615
9851,0.0094,0.0
9852,0.84715,1.0
9853,0.74515,0.25
9854,0.61105,0.0
9855,0.7062,0.0
9856,0.49215,0.0
9857,0.82905,0.5
9858,0.2038,0.05195
9859,0.1482,0.019
9860,0.4636,0.0
9861,0.93215,0.0
9862,0.1404,0.0526
9863,0.27855,0.0181
9864,0.50635,0.0
9865,0.97265,0.1051
9866,0.4229,0.3081
9867,0.68095,0.94045
9868,0.798,0.64475
9869,0.31605,0.0
9870,0.42505,0.5203
9871,0.633,0.0676
9872,0.14135,0.0041
9873,0.44415,0.0
9874,0.5872,1.0
9875,0.1179,0.90315
9876,0.06215,0.21395
9877,0.28195,0.0013
9878,0.41225,0.0008
9879,0.3443,0.0
9880,0.48305,0.9936
9881,0.80775,0.0
9882,0.9537,0.2364
9883,0.4756,1.0
9884,0.3193,0.40285
9885,0.08945,0.0
9886,0.06635,0.0
9887,0.56985,0.9997
9888,0.4714,0.3454
9889,0.9024,0.01475
9890,0.5093,0.7541
9891,0.10735,0.69385
9892,0.57425,0.8648
9893,0.88025,0.0045
9894,0.61835,0.0071
9895,0.17425,0.0
9896,0.9286,1.0
9897,0.72795,1.0
9898,0.76695,0.4038
9899,0.92635,0.36645
9900,0.5544,0.3436
9901,0.41685,0.0
9902,0.26725,0.575
9903,0.8269,0.87135
9904,0.6295,0.0088
9905,0.2219,0.0
9906,0.7812,0.3082
9907,0.4647,0.49
9908,0.48845,0.46215
9909,0.13625,0.0
9910,0.9864,0.25
9911,0.71175,0.4825
9912,0.44375,0.01365
9913,0.9187,0.7315
9914,0.5888,1.0
9915,0.8359,0.0534
9916,0.0236,0.0
9917,0.14655,0.1802
9918,0.79735,1.0
9919,0.7181,0.7317
9920,0.07345,0.44205
9921,0.3569,0.0
9922,0.41555,0.0
9923,0.2835,0.5439
9924,0.7202,0.98915
9925,0.39735,0.1602
9926,0.62595,0.33445
9927,0.49075,1.0
9928,0.5656,0.0
9929,0.78005,0.00025
9930,0.1911,0.26015
9931,0.02425,0.0
9932,0.63655,0.75
9933,0.1555,0.352
9934,0.8278,0.0009
9935,0.3105,0.0
9936,0.69295,0.87905
9937,0.18135,0.8549
9938,0.3298,0.40295
9939,0.8712,1.0
9940,0.20225,0.4782
9941,0.7639,0.00015
9942,0.6069,0.99825
9943,0.72905,0.0001
9944,0.28875,0.25
9945,0.70755,0.184
9946,0.71825,0.2502
9947,0.3803,0.25
9948,0.2665,0.0
9949,0.8647,0.5983
9950,0.584,0.8452
9951,0.74395,0.99825
9952,0.367,0.0
9953,0.2595,0.00405
9954,0.55575,0.5
9955,0.32655,0.9486
9956,0.43915,0.0
9957,0.84325,0.97735
9958,0.4183,0.0
9959,0.61015,1.0
9960,0.6013,1.0
9961,0.57215,0.74165
9962,0.9671,1.0
9963,0.62865,0.9551
9964,0.2318,0.0
9965,0.4167,0.3766
9966,0.1925,0.0
9967,0.02425,0.0
9968,0.75395,0.11745
9969,0.07355,0.0
9970,0.60205,0.15345
9971,0.1189,0.0
9972,0.3334,0.5
9973,0.76645,0.12645
9974,0.5696,0.7208
9975,0.30965,0.34035
9976,0.60885,0.7035
9977,0.3243,0.48005
9978,0.58495,0.03135
9979,0.6747,0.8318
9980,0.8211,0.9974
9981,0.91735,1.0
9982,0.43095,0.05635
9983,0.231,0.2291
9984,0.65535,0.819
9985,0.25925,0.0
9986,0.4634,0.5299
9987,0.3531,0.6974
9988,0.2659,0.65425
9989,0.3044,1.0
9990,0.41055,0.82825
9991,0.68535,0.27605
9992,0.77665,0.99125
9993,0.23185,0.0
9994,0.1297,0.11505
9995,0.48675,0.0
9996,0.2691,0.44835
9997,0.2584,0.51685
9998,0.21255,0.22355
9999,0.9684,0.6869
10000,0.01905,0.1131
